account_id,account_number,bank_name,balance
ACC_0001,932138782905,HDFC Bank,1553124.82
ACC_0002,874723239289,ICICI Bank,890842.18
ACC_0003,719078416015,ICICI Bank,2070499.88
ACC_0004,309745910171,ICICI Bank,4417959.33
ACC_0005,384734566310,Axis Bank,1323461.17
ACC_0006,488651099520,Punjab National Bank,1818702.38
ACC_0007,807691942767,Punjab National Bank,2248916.05
ACC_0008,854329514569,HDFC Bank,184618.74
ACC_0009,743535240210,Axis Bank,779365.43
ACC_0010,330075863164,Axis Bank,1735260.73
ACC_0011,850807134230,ICICI Bank,1038027.34
ACC_0012,707754044012,ICICI Bank,454696.74
ACC_0013,330955033046,ICICI Bank,1092056.34
ACC_0014,135480063042,State Bank of India,2585632.07
ACC_0015,304574075460,Axis Bank,699936.59
ACC_0016,454707694263,ICICI Bank,2819283.36
ACC_0017,747072492028,State Bank of India,1612537.86
ACC_0018,791939043931,ICICI Bank,4346776.18
ACC_0019,271832614784,Axis Bank,2378004.11
ACC_0020,810115598369,State Bank of India,936370.48
ACC_0021,436545066867,HDFC Bank,2334739.32
ACC_0022,925433275044,State Bank of India,2195604.55
ACC_0023,600864536118,Punjab National Bank,2880250.04
ACC_0024,905027059738,Axis Bank,2368386.8
ACC_0025,375924112559,ICICI Bank,3005108.66
ACC_0026,845101911279,Axis Bank,1501566.32
ACC_0027,357171615268,Punjab National Bank,540168.72
ACC_0028,952232726388,ICICI Bank,4769955.72
ACC_0029,750261270391,State Bank of India,820965.8
ACC_0030,316999294706,Punjab National Bank,3759498.61
ACC_0031,826407349874,ICICI Bank,3943058.53
ACC_0032,439690675628,HDFC Bank,4007646.63
ACC_0033,535761856470,HDFC Bank,2303478.04
ACC_0034,261742492357,HDFC Bank,4414890.75
ACC_0035,436301446863,State Bank of India,923783.69
ACC_0036,327022359985,Axis Bank,451744.31
ACC_0037,268554842725,Punjab National Bank,4228496.31
ACC_0038,105902392359,Axis Bank,797489.69
ACC_0039,615825200638,Punjab National Bank,3434245.41
ACC_0040,334929470169,Axis Bank,3342515.82
ACC_0041,610376749064,HDFC Bank,3815517.81
ACC_0042,525613326953,HDFC Bank,1592465.14
ACC_0043,250045809483,Axis Bank,3866528.94
ACC_0044,413094617397,Axis Bank,2985097.43
ACC_0045,179603418555,ICICI Bank,2442058.33
ACC_0046,128288496979,HDFC Bank,4428055.06
ACC_0047,942578781506,HDFC Bank,1846293.7
ACC_0048,651215462593,State Bank of India,3053222.05
ACC_0049,537020157057,State Bank of India,3228240.77
ACC_0050,646053895235,HDFC Bank,222195.35
ACC_0051,578038183346,State Bank of India,1698593.69
ACC_0052,300377597244,Axis Bank,754587.1
ACC_0053,526537892598,Axis Bank,175098.48
ACC_0054,295084874487,HDFC Bank,1991682.49
ACC_0055,611558223974,State Bank of India,1732088.05
ACC_0056,210520978942,Axis Bank,4017947.73
ACC_0057,276146162920,ICICI Bank,644568.81
ACC_0058,523084216424,Axis Bank,58931.71
ACC_0059,540965129473,Axis Bank,3857026.94
ACC_0060,565157647710,ICICI Bank,3710582.98
ACC_0061,761923001204,Axis Bank,2510805.87
ACC_0062,623045427426,ICICI Bank,4220997.86
ACC_0063,503605679964,State Bank of India,3927688.12
ACC_0064,568068690614,Punjab National Bank,3798294.3
ACC_0065,842472346346,State Bank of India,752785.71
ACC_0066,881401340548,Punjab National Bank,1289924.92
ACC_0067,995564660275,Punjab National Bank,3638416.2
ACC_0068,578695534285,State Bank of India,2324351.11
ACC_0069,233315116783,Axis Bank,2301793.33
ACC_0070,854193371907,ICICI Bank,1262381.7
ACC_0071,840183762064,ICICI Bank,3834401.92
ACC_0072,692806548927,ICICI Bank,894462.17
ACC_0073,556799344325,State Bank of India,2234403.97
ACC_0074,797063242206,State Bank of India,2979298.75
ACC_0075,904693237725,State Bank of India,2656811.41
ACC_0076,372284668272,HDFC Bank,421150.25
ACC_0077,237845139611,HDFC Bank,3164967.2
ACC_0078,479136933398,Axis Bank,3445270.81
ACC_0079,725018925608,Axis Bank,204164.26
ACC_0080,509424579955,State Bank of India,734605.49
ACC_0081,898764459927,State Bank of India,1910183.06
ACC_0082,898779162240,State Bank of India,1689525.93
ACC_0083,923073535610,ICICI Bank,2113227.02
ACC_0084,301959599224,ICICI Bank,3608248.2
ACC_0085,576364901514,State Bank of India,3968430.33
ACC_0086,385919817423,ICICI Bank,3078291.78
ACC_0087,369696988696,State Bank of India,1871807.7
ACC_0088,338254370338,Axis Bank,1374658.98
ACC_0089,957657137173,HDFC Bank,1384992.2
ACC_0090,150128451571,Punjab National Bank,1993954.51
ACC_0091,843807849751,ICICI Bank,1364124.34
ACC_0092,329382103465,State Bank of India,3910470.83
ACC_0093,244556628194,ICICI Bank,1335999.35
ACC_0094,970156420443,ICICI Bank,486641.34
ACC_0095,118145484224,ICICI Bank,1106067.51
ACC_0096,416158496686,Punjab National Bank,4135047.91
ACC_0097,562086572781,Punjab National Bank,1644431.32
ACC_0098,621361954789,Punjab National Bank,63823.56
ACC_0099,449355199558,ICICI Bank,4113320.88
ACC_0100,607458025169,Axis Bank,1053976.34
ACC_0101,287680301350,Axis Bank,1279207.29
ACC_0102,825988056608,Punjab National Bank,4838650.32
ACC_0103,635287718608,Punjab National Bank,4924751.05
ACC_0104,327990144120,Punjab National Bank,1846588.08
ACC_0105,925887091241,ICICI Bank,2258044.42
ACC_0106,132072153368,HDFC Bank,3124688.63
ACC_0107,783615918438,ICICI Bank,2824897.29
ACC_0108,124760229468,ICICI Bank,2782641.0
ACC_0109,513324968984,Punjab National Bank,659355.25
ACC_0110,236793283295,State Bank of India,1979352.74
ACC_0111,727540389329,ICICI Bank,893933.57
ACC_0112,942496994555,Axis Bank,2750801.71
ACC_0113,926145655053,HDFC Bank,2091481.8
ACC_0114,407516430908,ICICI Bank,3852727.86
ACC_0115,218671130355,ICICI Bank,2512021.04
ACC_0116,531783835772,HDFC Bank,4295423.88
ACC_0117,931053980604,Axis Bank,1432130.84
ACC_0118,597892152478,HDFC Bank,4619628.88
ACC_0119,538849564747,ICICI Bank,17683.56
ACC_0120,468636468787,Axis Bank,3281296.87
ACC_0121,521329089468,Punjab National Bank,3265868.1
ACC_0122,563745861351,Axis Bank,945185.91
ACC_0123,778729562887,HDFC Bank,693721.64
ACC_0124,652418351277,State Bank of India,2998241.28
ACC_0125,549821150470,State Bank of India,1625776.53
ACC_0126,281462113811,Punjab National Bank,3127850.13
ACC_0127,201723564789,ICICI Bank,114574.86
ACC_0128,820652046614,Axis Bank,2760734.74
ACC_0129,314161836654,HDFC Bank,2289386.72
ACC_0130,290006412542,Axis Bank,4685767.3
ACC_0131,323000653492,ICICI Bank,664117.64
ACC_0132,323470969897,Punjab National Bank,2306436.76
ACC_0133,852671745521,Punjab National Bank,2218822.33
ACC_0134,972917243452,HDFC Bank,4864053.63
ACC_0135,806523043344,State Bank of India,4018631.18
ACC_0136,464375900541,HDFC Bank,1225072.41
ACC_0137,104594937577,State Bank of India,3410435.96
ACC_0138,178964329214,Axis Bank,4787916.51
ACC_0139,889773004736,Punjab National Bank,605788.89
ACC_0140,769055387583,Punjab National Bank,3574106.31
ACC_0141,630164411294,State Bank of India,1465522.39
ACC_0142,898100769028,State Bank of India,1817502.96
ACC_0143,793686866832,Axis Bank,2143514.1
ACC_0144,212201969817,HDFC Bank,4235504.84
ACC_0145,927123994306,State Bank of India,3610249.08
ACC_0146,552545519156,ICICI Bank,710608.55
ACC_0147,972922333083,Axis Bank,1051214.84
ACC_0148,461194404586,State Bank of India,2291751.86
ACC_0149,639916399797,HDFC Bank,3785145.91
ACC_0150,423593328257,Axis Bank,1653975.41
ACC_0151,870733496857,ICICI Bank,2841587.72
ACC_0152,141207755049,HDFC Bank,740971.85
ACC_0153,127008603057,HDFC Bank,4400972.8
ACC_0154,497557374662,ICICI Bank,1534006.99
ACC_0155,274873186981,Punjab National Bank,3169839.0
ACC_0156,883725380717,Axis Bank,3366720.29
ACC_0157,916707106505,HDFC Bank,733484.17
ACC_0158,380823115237,HDFC Bank,140995.52
ACC_0159,740859208642,ICICI Bank,742668.45
ACC_0160,383519667685,ICICI Bank,3605975.7
ACC_0161,671213975238,Axis Bank,2385394.7
ACC_0162,288549081524,ICICI Bank,3219613.75
ACC_0163,445749571553,Punjab National Bank,1872438.55
ACC_0164,810753718623,HDFC Bank,4354040.52
ACC_0165,291048960698,Axis Bank,4485770.9
ACC_0166,834500536139,State Bank of India,1712492.61
ACC_0167,324666768363,HDFC Bank,751292.52
ACC_0168,957312586089,State Bank of India,3250333.31
ACC_0169,646992008730,Axis Bank,2847470.55
ACC_0170,962510592818,Punjab National Bank,4490775.23
ACC_0171,322227525769,ICICI Bank,3321556.18
ACC_0172,788906274127,State Bank of India,4760189.32
ACC_0173,175193781324,ICICI Bank,2766869.12
ACC_0174,691594197944,State Bank of India,4852215.66
ACC_0175,589866681681,Punjab National Bank,2615221.03
ACC_0176,380223819448,HDFC Bank,3448805.49
ACC_0177,350160744044,Axis Bank,887975.94
ACC_0178,769926325174,ICICI Bank,2760326.3
ACC_0179,916436170997,HDFC Bank,3666952.92
ACC_0180,172659966808,HDFC Bank,2613265.94
ACC_0181,327894680376,HDFC Bank,1220459.04
ACC_0182,738926552621,Axis Bank,2321892.19
ACC_0183,159190716367,ICICI Bank,3950290.62
ACC_0184,315062131691,Axis Bank,582915.55
ACC_0185,620049183853,HDFC Bank,500279.67
ACC_0186,338754551365,Punjab National Bank,2436666.11
ACC_0187,111035185213,Punjab National Bank,2149348.49
ACC_0188,224145981787,Axis Bank,3887201.92
ACC_0189,745081748726,Punjab National Bank,3777959.7
ACC_0190,104261628430,ICICI Bank,3773046.69
ACC_0191,398935539836,Axis Bank,3156009.84
ACC_0192,655462276652,Axis Bank,2571486.97
ACC_0193,812755989046,ICICI Bank,1321735.32
ACC_0194,372868678403,ICICI Bank,1377166.45
ACC_0195,652166425786,ICICI Bank,3129982.69
ACC_0196,633358403062,State Bank of India,1596718.53
ACC_0197,662530568731,Axis Bank,2479443.85
ACC_0198,169487396129,Axis Bank,3365207.98
ACC_0199,589033694632,ICICI Bank,3189776.99
ACC_0200,311237897638,State Bank of India,3814500.39
ACC_0201,435923206753,Punjab National Bank,1527613.71
ACC_0202,683112336001,Axis Bank,515482.67
ACC_0203,330251163902,Punjab National Bank,3359764.29
ACC_0204,273189253774,HDFC Bank,3832220.51
ACC_0205,288058626828,HDFC Bank,3051006.02
ACC_0206,457157165192,Punjab National Bank,4905790.89
ACC_0207,755641749875,Axis Bank,3898994.81
ACC_0208,350265095151,ICICI Bank,2360436.39
ACC_0209,505030955723,HDFC Bank,1531855.71
ACC_0210,489668250756,ICICI Bank,2249089.67
ACC_0211,720301931247,Axis Bank,3813713.55
ACC_0212,937542986030,Axis Bank,277481.82
ACC_0213,488302786766,HDFC Bank,4874953.81
ACC_0214,403942159363,State Bank of India,4092846.81
ACC_0215,328501765329,ICICI Bank,1474689.65
ACC_0216,127373867504,ICICI Bank,2138064.23
ACC_0217,458124708283,Punjab National Bank,2800301.34
ACC_0218,977029968814,HDFC Bank,3088161.63
ACC_0219,217140779211,State Bank of India,1216445.94
ACC_0220,895966888756,Axis Bank,4707529.29
ACC_0221,617942734581,State Bank of India,3906358.49
ACC_0222,857589551981,Axis Bank,1249980.78
ACC_0223,769958759501,Punjab National Bank,1875719.79
ACC_0224,160565223285,ICICI Bank,1380955.06
ACC_0225,582623107798,ICICI Bank,556042.92
ACC_0226,180529890376,ICICI Bank,4885916.61
ACC_0227,554117410676,HDFC Bank,4369879.13
ACC_0228,428950721942,Punjab National Bank,1000771.54
ACC_0229,581414316443,HDFC Bank,1639882.72
ACC_0230,939866188036,ICICI Bank,2783815.49
ACC_0231,421337899597,State Bank of India,703197.37
ACC_0232,176321164621,ICICI Bank,4786043.49
ACC_0233,592945005798,HDFC Bank,921516.0
ACC_0234,351119549747,Axis Bank,1811656.77
ACC_0235,843883977052,ICICI Bank,1277533.53
ACC_0236,250423233662,State Bank of India,3211558.94
ACC_0237,535627069252,Axis Bank,3990686.9
ACC_0238,683392599504,State Bank of India,4564998.03
ACC_0239,510222040245,State Bank of India,2829007.25
ACC_0240,138636041735,Punjab National Bank,4365531.35
ACC_0241,968988148798,Punjab National Bank,2460555.34
ACC_0242,467541033814,State Bank of India,3672434.61
ACC_0243,201212222063,Punjab National Bank,3903160.46
ACC_0244,274082594113,Punjab National Bank,4231650.41
ACC_0245,727442023806,Axis Bank,3050547.38
ACC_0246,310423116808,State Bank of India,3835809.31
ACC_0247,999499066965,ICICI Bank,2329110.11
ACC_0248,916019518291,HDFC Bank,3252568.05
ACC_0249,297882139006,Punjab National Bank,1699708.79
ACC_0250,956965006114,Axis Bank,4447095.51
ACC_0251,733084476154,ICICI Bank,32763.43
ACC_0252,528758951461,State Bank of India,43680.99
ACC_0253,569536065326,HDFC Bank,1295005.9
ACC_0254,740907432301,ICICI Bank,2662289.01
ACC_0255,832951685502,HDFC Bank,3849869.21
ACC_0256,889759925303,Punjab National Bank,763871.31
ACC_0257,262233765324,HDFC Bank,1543099.84
ACC_0258,126203150933,Punjab National Bank,3010005.42
ACC_0259,146577624618,HDFC Bank,2700841.18
ACC_0260,177114680095,ICICI Bank,4352909.7
ACC_0261,353095832148,HDFC Bank,1009305.43
ACC_0262,564557788508,ICICI Bank,1165661.27
ACC_0263,340174048328,ICICI Bank,137454.9
ACC_0264,585092446868,State Bank of India,4170952.06
ACC_0265,127380905918,Axis Bank,4337796.41
ACC_0266,915417528951,HDFC Bank,1902702.41
ACC_0267,582955381736,Axis Bank,993990.03
ACC_0268,519923177633,Punjab National Bank,4072682.58
ACC_0269,654802816141,Punjab National Bank,3622867.18
ACC_0270,276616372780,HDFC Bank,602671.27
ACC_0271,913849523641,Punjab National Bank,1792593.37
ACC_0272,452167379163,Axis Bank,955714.74
ACC_0273,203015443892,Punjab National Bank,1799932.54
ACC_0274,659442187201,State Bank of India,4724539.32
ACC_0275,104364311538,Axis Bank,4017254.95
ACC_0276,211057087126,ICICI Bank,1802601.82
ACC_0277,577021855283,ICICI Bank,1147564.83
ACC_0278,193206004142,Axis Bank,4379833.14
ACC_0279,404789066223,ICICI Bank,227802.09
ACC_0280,374222558529,HDFC Bank,2823331.66
ACC_0281,667485216837,HDFC Bank,701961.6
ACC_0282,939536452900,State Bank of India,306846.12
ACC_0283,331079463737,ICICI Bank,1859148.49
ACC_0284,560237883698,HDFC Bank,874012.77
ACC_0285,912398993234,HDFC Bank,1825974.98
ACC_0286,224231733594,HDFC Bank,150870.65
ACC_0287,435883952703,Axis Bank,3126937.13
ACC_0288,784038745263,ICICI Bank,143362.43
ACC_0289,460888192010,State Bank of India,4444213.43
ACC_0290,907600837326,HDFC Bank,4567971.09
ACC_0291,692905200466,Axis Bank,3812748.97
ACC_0292,678628829101,HDFC Bank,791704.72
ACC_0293,482316249551,HDFC Bank,461527.37
ACC_0294,172963726945,State Bank of India,4843683.27
ACC_0295,692268016092,Axis Bank,672892.57
ACC_0296,991649259877,State Bank of India,1557842.98
ACC_0297,383050727000,HDFC Bank,1615059.41
ACC_0298,501751181123,Punjab National Bank,3342491.32
ACC_0299,624400037611,Axis Bank,3743845.86
ACC_0300,730724401929,HDFC Bank,630039.05
ACC_0301,243944686612,HDFC Bank,1128533.65
ACC_0302,916396785219,State Bank of India,3586623.07
ACC_0303,214310617088,HDFC Bank,1131890.79
ACC_0304,899656882928,ICICI Bank,1643800.17
ACC_0305,610989253293,Punjab National Bank,2600064.71
ACC_0306,395852735525,HDFC Bank,1640392.12
ACC_0307,827459100907,HDFC Bank,2897263.43
ACC_0308,920485750127,Axis Bank,3159769.24
ACC_0309,318159405731,HDFC Bank,72594.33
ACC_0310,137085456283,HDFC Bank,810264.14
ACC_0311,109975200621,Punjab National Bank,2404401.09
ACC_0312,481640831538,HDFC Bank,3143935.89
ACC_0313,544860692989,Axis Bank,4963501.22
ACC_0314,784846251719,ICICI Bank,2729851.26
ACC_0315,916549815537,ICICI Bank,3277647.06
ACC_0316,470816096138,HDFC Bank,1277166.83
ACC_0317,948201731736,Punjab National Bank,2282123.72
ACC_0318,834853886616,ICICI Bank,3816583.35
ACC_0319,169848466237,ICICI Bank,2133146.08
ACC_0320,239772489895,State Bank of India,1136398.15
ACC_0321,229326348518,Punjab National Bank,3563764.08
ACC_0322,436500483851,Axis Bank,2181384.37
ACC_0323,299736267495,Axis Bank,4100313.08
ACC_0324,312647716134,HDFC Bank,4200224.07
ACC_0325,951356393566,State Bank of India,994186.93
ACC_0326,489745071244,Punjab National Bank,3005080.56
ACC_0327,719127142940,Punjab National Bank,2625701.07
ACC_0328,687552642739,ICICI Bank,2697746.56
ACC_0329,684103418323,HDFC Bank,1872986.13
ACC_0330,847754399234,HDFC Bank,3174901.79
ACC_0331,782293955465,HDFC Bank,4216350.73
ACC_0332,889204983051,HDFC Bank,2704567.01
ACC_0333,774117152232,Axis Bank,4291617.69
ACC_0334,152735418295,Axis Bank,1483185.66
ACC_0335,675100229584,Axis Bank,4468828.73
ACC_0336,454197380790,HDFC Bank,3608016.69
ACC_0337,101288461054,State Bank of India,1257394.88
ACC_0338,836826367371,ICICI Bank,1044565.24
ACC_0339,773165086983,Punjab National Bank,4796419.49
ACC_0340,929183045661,Axis Bank,702376.05
ACC_0341,938206903933,HDFC Bank,1956800.11
ACC_0342,809354406363,Axis Bank,1955607.32
ACC_0343,371413463057,ICICI Bank,353587.66
ACC_0344,251510202090,Axis Bank,618233.64
ACC_0345,743126921056,HDFC Bank,1029949.63
ACC_0346,839346014479,ICICI Bank,3803162.39
ACC_0347,800125921897,State Bank of India,2603580.79
ACC_0348,213920747469,Punjab National Bank,2356075.55
ACC_0349,583872825612,ICICI Bank,4111379.6
ACC_0350,918368477996,Punjab National Bank,2272382.78
ACC_0351,933133430849,ICICI Bank,4376302.15
ACC_0352,516787799520,ICICI Bank,565075.03
ACC_0353,570155147817,Punjab National Bank,843111.59
ACC_0354,863257610248,Axis Bank,3792539.21
ACC_0355,672195443540,State Bank of India,443776.21
ACC_0356,764567845862,Punjab National Bank,4325560.26
ACC_0357,833795013957,Axis Bank,4183708.88
ACC_0358,576583505851,Axis Bank,284205.95
ACC_0359,408249569141,ICICI Bank,4523752.06
ACC_0360,661095667521,ICICI Bank,2098807.15
ACC_0361,378469771979,ICICI Bank,416383.71
ACC_0362,882118402127,Axis Bank,1214478.35
ACC_0363,342644074665,Punjab National Bank,2169401.4
ACC_0364,212810555137,Axis Bank,2803793.13
ACC_0365,722071947893,Axis Bank,3033532.54
ACC_0366,519478963344,State Bank of India,3008709.88
ACC_0367,807783122457,State Bank of India,2878552.0
ACC_0368,365274491822,ICICI Bank,2901030.17
ACC_0369,562154826730,Axis Bank,3591726.72
ACC_0370,478128340592,Axis Bank,4261312.93
ACC_0371,140899965934,Axis Bank,4065990.2
ACC_0372,918741534001,Axis Bank,3345672.76
ACC_0373,336333326697,Punjab National Bank,904507.71
ACC_0374,208787064499,ICICI Bank,4603427.79
ACC_0375,133508884937,Axis Bank,4247300.99
ACC_0376,491930859245,ICICI Bank,1762539.87
ACC_0377,374730111102,ICICI Bank,2230588.94
ACC_0378,456687581199,Axis Bank,3495823.04
ACC_0379,390489285547,HDFC Bank,1047695.71
ACC_0380,811020143735,ICICI Bank,3703783.15
ACC_0381,485487570495,HDFC Bank,4223754.51
ACC_0382,198168548632,ICICI Bank,1759671.7
ACC_0383,914060519667,HDFC Bank,1583354.19
ACC_0384,208687734442,State Bank of India,3197619.24
ACC_0385,784243799876,Axis Bank,3197735.55
ACC_0386,519861247419,HDFC Bank,1324137.28
ACC_0387,635614187759,ICICI Bank,1685669.24
ACC_0388,930481160814,HDFC Bank,4796582.37
ACC_0389,118566111883,State Bank of India,949758.98
ACC_0390,870972911723,Punjab National Bank,1481722.26
ACC_0391,690815363068,HDFC Bank,1990458.19
ACC_0392,184592112887,HDFC Bank,467725.0
ACC_0393,760186576622,Axis Bank,4261191.84
ACC_0394,886605072969,ICICI Bank,2664605.93
ACC_0395,247732945307,Axis Bank,519026.51
ACC_0396,911560162315,ICICI Bank,3067486.72
ACC_0397,194363632422,ICICI Bank,4997195.02
ACC_0398,366463090376,Punjab National Bank,775904.06
ACC_0399,404911227195,State Bank of India,2472970.14
ACC_0400,863787984130,HDFC Bank,1227513.34
ACC_0401,582006281001,HDFC Bank,727738.11
ACC_0402,367562689182,State Bank of India,4287799.19
ACC_0403,557151808811,Punjab National Bank,2756579.54
ACC_0404,312893307017,Axis Bank,931104.16
ACC_0405,737882406950,Axis Bank,3136648.29
ACC_0406,529407098278,ICICI Bank,3534022.9
ACC_0407,503649256469,ICICI Bank,2157142.2
ACC_0408,448900404767,Punjab National Bank,1786013.79
ACC_0409,864324181290,HDFC Bank,1608991.1
ACC_0410,373599874217,Punjab National Bank,2895213.38
ACC_0411,962934003446,Punjab National Bank,3542061.24
ACC_0412,445896736997,State Bank of India,4036460.59
ACC_0413,351702656792,ICICI Bank,3588105.11
ACC_0414,349044009729,Axis Bank,1346398.06
ACC_0415,159427802084,Axis Bank,3094410.9
ACC_0416,750675231453,Axis Bank,324224.15
ACC_0417,288960473204,State Bank of India,2800233.69
ACC_0418,815365440842,State Bank of India,4479312.31
ACC_0419,261947364074,State Bank of India,3410353.04
ACC_0420,403735228688,Punjab National Bank,1260808.36
ACC_0421,902714479522,State Bank of India,3568347.33
ACC_0422,574554414664,HDFC Bank,4931046.76
ACC_0423,826773767749,Axis Bank,1549816.55
ACC_0424,841728851745,ICICI Bank,1653335.69
ACC_0425,978620847134,Punjab National Bank,4731392.67
ACC_0426,942433066333,Punjab National Bank,4900912.6
ACC_0427,446117981702,State Bank of India,4854471.72
ACC_0428,881911556237,ICICI Bank,2937650.92
ACC_0429,774614865670,State Bank of India,2649330.12
ACC_0430,279230618842,HDFC Bank,1244748.86
ACC_0431,952987056804,HDFC Bank,4178861.32
ACC_0432,813091219229,Axis Bank,3643606.93
ACC_0433,195914308219,State Bank of India,4730789.55
ACC_0434,871264469609,Axis Bank,4024764.83
ACC_0435,866141809814,Axis Bank,693409.01
ACC_0436,299042937881,State Bank of India,1556665.72
ACC_0437,878151054804,Axis Bank,4395443.6
ACC_0438,200930364898,HDFC Bank,1303267.33
ACC_0439,349969704933,ICICI Bank,4928194.48
ACC_0440,188618091706,ICICI Bank,2259185.74
ACC_0441,675929464367,ICICI Bank,102983.41
ACC_0442,167027944355,Punjab National Bank,296671.86
ACC_0443,204681869195,HDFC Bank,9642.77
ACC_0444,684051680589,State Bank of India,24300.47
ACC_0445,436659952875,State Bank of India,4000390.83
ACC_0446,720915169858,ICICI Bank,4296933.76
ACC_0447,293083311536,HDFC Bank,3182772.31
ACC_0448,299708254154,Punjab National Bank,1092650.91
ACC_0449,204562043828,HDFC Bank,2998991.81
ACC_0450,295738775171,Axis Bank,3532131.46
ACC_0451,949886719545,HDFC Bank,2537136.31
ACC_0452,131976488719,Punjab National Bank,194832.63
ACC_0453,975993074466,State Bank of India,4036216.97
ACC_0454,217215803376,ICICI Bank,3415477.23
ACC_0455,669470170437,HDFC Bank,4501252.78
ACC_0456,312590792484,Punjab National Bank,777107.85
ACC_0457,704123605871,Axis Bank,3920529.19
ACC_0458,228608548407,Punjab National Bank,328252.45
ACC_0459,500489474718,HDFC Bank,1198017.33
ACC_0460,640382414992,HDFC Bank,3970475.75
ACC_0461,491020653298,State Bank of India,4583135.9
ACC_0462,627942210356,Punjab National Bank,494803.07
ACC_0463,201016959945,ICICI Bank,4559423.27
ACC_0464,733778244899,Punjab National Bank,2608842.42
ACC_0465,700251415691,HDFC Bank,1413525.23
ACC_0466,590208135304,HDFC Bank,1465502.81
ACC_0467,570841541976,Axis Bank,2176258.98
ACC_0468,637224769598,State Bank of India,2456705.8
ACC_0469,715561217596,Axis Bank,3048706.52
ACC_0470,646774666704,ICICI Bank,3854442.84
ACC_0471,163131301913,Punjab National Bank,4156454.75
ACC_0472,435390506495,Punjab National Bank,3739509.08
ACC_0473,695159093902,HDFC Bank,3205021.21
ACC_0474,154714692436,Punjab National Bank,140787.55
ACC_0475,434864719590,Axis Bank,942006.82
ACC_0476,692551671655,State Bank of India,4118906.9
ACC_0477,913611993211,Punjab National Bank,2620398.21
ACC_0478,659111498693,ICICI Bank,3405985.8
ACC_0479,208295423543,Axis Bank,4749871.54
ACC_0480,344350808753,ICICI Bank,365744.44
ACC_0481,642040369994,HDFC Bank,2856155.51
ACC_0482,115517790068,State Bank of India,4610509.61
ACC_0483,227514957037,ICICI Bank,24689.18
ACC_0484,822586961665,ICICI Bank,4922025.42
ACC_0485,529441262209,HDFC Bank,1859547.1
ACC_0486,541684933300,State Bank of India,780489.03
ACC_0487,373154558346,Punjab National Bank,3342995.5
ACC_0488,849140396032,Punjab National Bank,3551151.97
ACC_0489,791069205003,ICICI Bank,1025176.53
ACC_0490,821033444790,ICICI Bank,2046607.84
ACC_0491,555310459741,Axis Bank,1886281.68
ACC_0492,998462046182,Axis Bank,1267873.99
ACC_0493,787239562597,Axis Bank,209954.95
ACC_0494,592921055446,HDFC Bank,3315152.19
ACC_0495,178267079906,State Bank of India,577276.73
ACC_0496,971458386900,Axis Bank,333435.07
ACC_0497,458788424042,HDFC Bank,4717572.12
ACC_0498,888903482463,Axis Bank,1424749.12
ACC_0499,410467891291,Punjab National Bank,1308234.45
ACC_0500,232117442989,Axis Bank,4114564.53
ACC_0501,322840197258,State Bank of India,2774195.18
ACC_0502,321182085004,HDFC Bank,2591609.56
ACC_0503,615549385177,Axis Bank,547610.13
ACC_0504,139636728813,Axis Bank,923207.16
ACC_0505,863484301797,State Bank of India,1209517.48
ACC_0506,506369708658,Axis Bank,3691993.31
ACC_0507,754733506838,State Bank of India,3314720.93
ACC_0508,943976618396,HDFC Bank,3842977.52
ACC_0509,451005816415,State Bank of India,2844437.95
ACC_0510,271577885068,ICICI Bank,4297578.29
ACC_0511,483005980701,Axis Bank,1004045.84
ACC_0512,162896081661,Axis Bank,1900791.68
ACC_0513,421894146373,Punjab National Bank,319183.25
ACC_0514,787984883121,HDFC Bank,1680107.26
ACC_0515,584133786322,State Bank of India,4356815.23
ACC_0516,762480563971,Punjab National Bank,1439744.88
ACC_0517,255310733306,Punjab National Bank,4820918.51
ACC_0518,220502665328,State Bank of India,2050210.92
ACC_0519,119474557561,Punjab National Bank,3602691.83
ACC_0520,505108428934,State Bank of India,718288.9
ACC_0521,852065062614,HDFC Bank,30502.14
ACC_0522,718489983488,State Bank of India,4068716.62
ACC_0523,726071779657,State Bank of India,4285158.06
ACC_0524,790468289425,State Bank of India,2818630.15
ACC_0525,121792337700,Axis Bank,4686117.47
ACC_0526,523676147636,ICICI Bank,3428364.32
ACC_0527,595582391252,HDFC Bank,3414722.98
ACC_0528,377509040433,ICICI Bank,4900675.39
ACC_0529,600950801588,Axis Bank,4597213.19
ACC_0530,598873928680,Punjab National Bank,4397342.11
ACC_0531,255580207446,ICICI Bank,3185828.98
ACC_0532,529356584845,ICICI Bank,4409805.51
ACC_0533,913329702317,State Bank of India,2159251.2
ACC_0534,255906701507,State Bank of India,2300200.42
ACC_0535,239166522247,ICICI Bank,1041296.51
ACC_0536,561304365582,Axis Bank,2303447.11
ACC_0537,587273968867,Axis Bank,2318122.26
ACC_0538,457933131256,Axis Bank,666440.28
ACC_0539,325614360495,HDFC Bank,1085579.59
ACC_0540,723590446661,HDFC Bank,4740077.02
ACC_0541,824686854563,Punjab National Bank,1817711.11
ACC_0542,703285605914,Axis Bank,1874708.38
ACC_0543,333246355079,Axis Bank,707516.12
ACC_0544,693172135835,Axis Bank,1502301.05
ACC_0545,553649890891,State Bank of India,997849.33
ACC_0546,707040726837,HDFC Bank,3298597.65
ACC_0547,670960591325,Axis Bank,902395.85
ACC_0548,127672389870,HDFC Bank,1930467.39
ACC_0549,291843276477,ICICI Bank,4918179.14
ACC_0550,721398574914,HDFC Bank,3206549.47
ACC_0551,961463362356,HDFC Bank,754265.6
ACC_0552,612460425385,HDFC Bank,4340282.47
ACC_0553,938079352528,Axis Bank,1581756.8
ACC_0554,941525914044,Punjab National Bank,2653409.97
ACC_0555,843180961540,State Bank of India,3935024.32
ACC_0556,121843130183,State Bank of India,4600938.77
ACC_0557,159568893213,ICICI Bank,4263152.03
ACC_0558,494715241590,HDFC Bank,3718177.95
ACC_0559,336042626187,ICICI Bank,4203551.89
ACC_0560,784458615763,ICICI Bank,2917659.16
ACC_0561,593183597777,Axis Bank,1693765.24
ACC_0562,418580135461,ICICI Bank,508395.95
ACC_0563,274211980525,HDFC Bank,817120.47
ACC_0564,684624250184,Punjab National Bank,2048989.77
ACC_0565,708002717560,Axis Bank,3499613.21
ACC_0566,857122137563,HDFC Bank,4880647.51
ACC_0567,204990062756,State Bank of India,678858.1
ACC_0568,621327206939,Axis Bank,2384923.35
ACC_0569,124769669530,Punjab National Bank,3440919.37
ACC_0570,498650067049,Axis Bank,2924871.13
ACC_0571,590407241407,State Bank of India,4851513.24
ACC_0572,838505041166,Punjab National Bank,1719800.27
ACC_0573,174603445189,HDFC Bank,675582.06
ACC_0574,844318281380,Axis Bank,4583903.27
ACC_0575,971599312244,HDFC Bank,4807913.98
ACC_0576,419204969826,State Bank of India,1774204.54
ACC_0577,980397733302,Axis Bank,80761.72
ACC_0578,752367082425,Axis Bank,4958517.32
ACC_0579,311538803488,Punjab National Bank,1401948.96
ACC_0580,129703671966,Axis Bank,1593519.19
ACC_0581,156551327248,HDFC Bank,3502873.91
ACC_0582,590756335141,Axis Bank,1688251.62
ACC_0583,921510577574,Axis Bank,3297393.2
ACC_0584,707020264365,State Bank of India,654118.63
ACC_0585,111270722874,Punjab National Bank,97041.58
ACC_0586,320678302110,Axis Bank,1900704.65
ACC_0587,860363757868,ICICI Bank,3484583.6
ACC_0588,500873499512,Punjab National Bank,4268279.68
ACC_0589,567224239240,Axis Bank,3536695.32
ACC_0590,891761068049,ICICI Bank,2762360.86
ACC_0591,411337155994,ICICI Bank,417447.32
ACC_0592,193079706303,ICICI Bank,4307534.21
ACC_0593,228401565519,State Bank of India,4053964.66
ACC_0594,940981339838,State Bank of India,1215562.18
ACC_0595,508782562838,State Bank of India,770876.63
ACC_0596,361140269616,State Bank of India,4318588.31
ACC_0597,894610375744,State Bank of India,3682781.12
ACC_0598,782508577611,State Bank of India,782062.71
ACC_0599,793468696662,ICICI Bank,3930872.03
ACC_0600,770469446328,State Bank of India,281775.91
ACC_0601,319639108224,State Bank of India,928688.46
ACC_0602,100393358576,Axis Bank,3958172.06
ACC_0603,328634319398,State Bank of India,3585178.9
ACC_0604,453849045211,Punjab National Bank,964000.3
ACC_0605,318259719323,Axis Bank,3027683.67
ACC_0606,616195218108,ICICI Bank,3658092.15
ACC_0607,168122042206,Axis Bank,925454.31
ACC_0608,185926461741,HDFC Bank,4870977.59
ACC_0609,255749522616,Punjab National Bank,2877594.97
ACC_0610,869612379088,State Bank of India,3514637.61
ACC_0611,306483901814,HDFC Bank,4243232.91
ACC_0612,277071689955,Axis Bank,3176849.33
ACC_0613,424666491554,Punjab National Bank,2061997.65
ACC_0614,416283947099,HDFC Bank,2133190.01
ACC_0615,481498187599,HDFC Bank,2653223.67
ACC_0616,851482435008,ICICI Bank,1407964.24
ACC_0617,169412101082,State Bank of India,314852.1
ACC_0618,167572351889,Punjab National Bank,3778494.97
ACC_0619,187746588954,Axis Bank,60982.72
ACC_0620,841930984619,State Bank of India,1592671.84
ACC_0621,499064638607,Punjab National Bank,3391299.56
ACC_0622,723053205254,ICICI Bank,3636017.48
ACC_0623,595291608392,ICICI Bank,3711221.04
ACC_0624,505790437758,Axis Bank,1501935.63
ACC_0625,445697998316,Punjab National Bank,4995488.04
ACC_0626,349925371258,Punjab National Bank,853594.14
ACC_0627,489514297576,Axis Bank,2325259.14
ACC_0628,458465015203,Axis Bank,2318655.67
ACC_0629,610667701246,Axis Bank,764271.55
ACC_0630,927802801931,Axis Bank,2098566.22
ACC_0631,963887282468,ICICI Bank,1907905.3
ACC_0632,795227432123,HDFC Bank,1997691.84
ACC_0633,576801285370,HDFC Bank,756042.22
ACC_0634,305926686392,HDFC Bank,475136.17
ACC_0635,617076660349,HDFC Bank,1355179.52
ACC_0636,122324194131,Axis Bank,1961767.26
ACC_0637,407302026538,HDFC Bank,950540.35
ACC_0638,897175243274,Axis Bank,2164848.36
ACC_0639,633262369170,State Bank of India,1767493.67
ACC_0640,173469759984,ICICI Bank,3530414.51
ACC_0641,420438136850,HDFC Bank,1176526.95
ACC_0642,645217485117,HDFC Bank,2082310.72
ACC_0643,792812617551,HDFC Bank,1693563.96
ACC_0644,852953344838,Punjab National Bank,2145558.16
ACC_0645,757653326842,HDFC Bank,2648653.97
ACC_0646,896033951248,ICICI Bank,4035814.3
ACC_0647,241150224141,ICICI Bank,2827073.12
ACC_0648,170753242751,State Bank of India,2235943.96
ACC_0649,372373943499,HDFC Bank,4722939.17
ACC_0650,356359218189,ICICI Bank,3169723.27
ACC_0651,965333637017,ICICI Bank,2775423.74
ACC_0652,974357501234,ICICI Bank,3491949.41
ACC_0653,241312394717,ICICI Bank,3908194.02
ACC_0654,353022454173,Punjab National Bank,3047326.19
ACC_0655,637940784336,Punjab National Bank,2349292.96
ACC_0656,443680694402,Punjab National Bank,4403760.09
ACC_0657,926283603919,HDFC Bank,3118411.38
ACC_0658,680169798747,Axis Bank,2313983.62
ACC_0659,395183768562,State Bank of India,2247975.14
ACC_0660,313792447774,ICICI Bank,3559826.19
ACC_0661,167764960103,Axis Bank,1233681.5
ACC_0662,102719014181,ICICI Bank,1781487.71
ACC_0663,630946659683,Punjab National Bank,731454.86
ACC_0664,633950487429,ICICI Bank,3024250.35
ACC_0665,321346766736,HDFC Bank,4788670.75
ACC_0666,763991581013,State Bank of India,1478802.26
ACC_0667,907713967538,HDFC Bank,2617987.46
ACC_0668,411402863936,HDFC Bank,3953755.81
ACC_0669,870615879892,State Bank of India,1491586.89
ACC_0670,255496026904,ICICI Bank,127393.19
ACC_0671,807173387409,Axis Bank,394469.65
ACC_0672,952400424450,HDFC Bank,2233978.79
ACC_0673,711526117093,HDFC Bank,2969631.48
ACC_0674,446854951322,State Bank of India,4684577.99
ACC_0675,402605972002,HDFC Bank,3531777.36
ACC_0676,411184697814,HDFC Bank,2932815.2
ACC_0677,233216812597,State Bank of India,4338820.75
ACC_0678,626359302200,ICICI Bank,709622.45
ACC_0679,893846554896,Axis Bank,2751085.47
ACC_0680,579442433310,ICICI Bank,1978292.95
ACC_0681,771417679439,State Bank of India,3218461.27
ACC_0682,719866920847,Punjab National Bank,197867.99
ACC_0683,162327312864,HDFC Bank,2483886.37
ACC_0684,176995658533,HDFC Bank,758698.06
ACC_0685,278338984641,HDFC Bank,460205.17
ACC_0686,470900838824,State Bank of India,2063796.3
ACC_0687,176239323225,Axis Bank,2003398.82
ACC_0688,675792551808,Axis Bank,3209451.72
ACC_0689,861909976204,HDFC Bank,2740939.5
ACC_0690,993737484275,HDFC Bank,2243042.23
ACC_0691,938013614029,ICICI Bank,1137753.38
ACC_0692,808912330377,Punjab National Bank,122101.77
ACC_0693,347807964046,Axis Bank,212931.77
ACC_0694,934164257143,HDFC Bank,4749880.14
ACC_0695,650347115415,ICICI Bank,1615428.32
ACC_0696,799031538638,Axis Bank,97259.4
ACC_0697,421115534909,Axis Bank,118542.17
ACC_0698,867573972956,Axis Bank,2750605.38
ACC_0699,319215689220,Punjab National Bank,180991.93
ACC_0700,740935847812,Axis Bank,36754.72
ACC_0701,188913657952,Punjab National Bank,4408353.13
ACC_0702,283949311860,Axis Bank,1064678.88
ACC_0703,106598057563,Punjab National Bank,1407804.32
ACC_0704,510411023304,Punjab National Bank,1942710.51
ACC_0705,322628866753,Punjab National Bank,1282134.86
ACC_0706,457323121762,ICICI Bank,1963769.57
ACC_0707,416326328379,Axis Bank,145058.57
ACC_0708,837237186326,Punjab National Bank,3850313.31
ACC_0709,302742170531,State Bank of India,209258.78
ACC_0710,219420001511,HDFC Bank,1001513.03
ACC_0711,909902871942,ICICI Bank,4164815.56
ACC_0712,334823928130,Punjab National Bank,4089483.6
ACC_0713,608356359224,State Bank of India,3239502.61
ACC_0714,723757284548,ICICI Bank,1084813.48
ACC_0715,439404690412,State Bank of India,1082901.35
ACC_0716,324772526488,Axis Bank,4734028.58
ACC_0717,891942885285,ICICI Bank,2289963.79
ACC_0718,763103240905,HDFC Bank,4604173.94
ACC_0719,716242661715,Punjab National Bank,1427427.04
ACC_0720,834382633307,HDFC Bank,389292.95
ACC_0721,778738835456,State Bank of India,4285972.72
ACC_0722,404714130413,State Bank of India,1517929.3
ACC_0723,900502107417,Punjab National Bank,4806080.78
ACC_0724,156252185989,ICICI Bank,1077327.9
ACC_0725,913566301631,ICICI Bank,381421.41
ACC_0726,819052631553,State Bank of India,1488052.17
ACC_0727,431228206518,HDFC Bank,1314365.55
ACC_0728,229728052480,State Bank of India,4401572.55
ACC_0729,623694137781,HDFC Bank,72705.84
ACC_0730,894938726113,HDFC Bank,2276767.64
ACC_0731,739462390627,Punjab National Bank,1366399.64
ACC_0732,868896035917,Punjab National Bank,2399145.26
ACC_0733,863350696599,HDFC Bank,1078162.4
ACC_0734,844736758938,Axis Bank,150460.68
ACC_0735,574582819955,Axis Bank,2062708.84
ACC_0736,117063506144,Punjab National Bank,4487143.16
ACC_0737,171539595344,ICICI Bank,3549798.82
ACC_0738,627073536838,HDFC Bank,4009903.14
ACC_0739,834544260113,ICICI Bank,4815984.85
ACC_0740,358505791479,Axis Bank,4051959.28
ACC_0741,817241660443,State Bank of India,4367730.9
ACC_0742,716050113700,Axis Bank,3960026.9
ACC_0743,154728732297,ICICI Bank,1820809.94
ACC_0744,506295527057,Axis Bank,4103750.29
ACC_0745,278432658583,ICICI Bank,3293348.11
ACC_0746,896163552047,Punjab National Bank,2704294.31
ACC_0747,908831295908,ICICI Bank,2035601.23
ACC_0748,540578654853,ICICI Bank,2337953.4
ACC_0749,943305821081,ICICI Bank,739018.3
ACC_0750,927522764700,Axis Bank,3378877.77
ACC_0751,496888589631,Axis Bank,433141.35
ACC_0752,465663385866,ICICI Bank,3227675.24
ACC_0753,926569757851,Punjab National Bank,4309138.0
ACC_0754,473845789219,Punjab National Bank,4591575.12
ACC_0755,791415492242,HDFC Bank,2994363.95
ACC_0756,793809923417,HDFC Bank,4255638.19
ACC_0757,252787846279,HDFC Bank,4123602.84
ACC_0758,187601656984,Axis Bank,4403734.35
ACC_0759,654009995875,Punjab National Bank,210850.14
ACC_0760,731806075889,State Bank of India,1274331.1
ACC_0761,832508598901,HDFC Bank,3698816.61
ACC_0762,880326884118,ICICI Bank,2446410.78
ACC_0763,904556841663,ICICI Bank,2742705.09
ACC_0764,672926992893,Axis Bank,1096138.04
ACC_0765,921846864118,Axis Bank,3439316.91
ACC_0766,220207332442,HDFC Bank,3202706.27
ACC_0767,269452154032,HDFC Bank,3581293.23
ACC_0768,975714555153,Punjab National Bank,3999876.1
ACC_0769,256745702997,State Bank of India,3474992.03
ACC_0770,363309652753,Axis Bank,1514985.17
ACC_0771,693604183092,State Bank of India,4757801.31
ACC_0772,126590170769,State Bank of India,156456.12
ACC_0773,328153282163,HDFC Bank,4138455.36
ACC_0774,180232057210,State Bank of India,1267916.07
ACC_0775,232933587155,Axis Bank,4724428.17
ACC_0776,545223117643,State Bank of India,3489394.75
ACC_0777,474951570420,Axis Bank,1875204.77
ACC_0778,569456188828,Punjab National Bank,2948864.29
ACC_0779,797839583899,Punjab National Bank,2967087.6
ACC_0780,639787699126,State Bank of India,2500474.24
ACC_0781,131574439021,ICICI Bank,3503456.88
ACC_0782,979872046284,Axis Bank,3764836.87
ACC_0783,210680394106,Axis Bank,3443267.12
ACC_0784,855791246324,Axis Bank,4973196.94
ACC_0785,140286652786,Axis Bank,3795488.32
ACC_0786,620063968917,ICICI Bank,2719131.03
ACC_0787,366644302955,State Bank of India,2273976.3
ACC_0788,472584342257,HDFC Bank,3018440.07
ACC_0789,136375278493,ICICI Bank,1549758.08
ACC_0790,876432006248,Axis Bank,1083560.22
ACC_0791,204842759146,State Bank of India,3419435.08
ACC_0792,957598637179,State Bank of India,4677755.38
ACC_0793,174923256230,Punjab National Bank,906985.14
ACC_0794,865684182938,Punjab National Bank,1941502.37
ACC_0795,692383280443,State Bank of India,1266768.32
ACC_0796,865009561335,Punjab National Bank,2456003.91
ACC_0797,597796423739,ICICI Bank,4267921.76
ACC_0798,417998590455,Punjab National Bank,1657746.61
ACC_0799,852090325479,HDFC Bank,4842855.28
ACC_0800,315078306992,Axis Bank,2431751.01
ACC_0801,525226211418,HDFC Bank,3862540.88
ACC_0802,430900922106,HDFC Bank,1117889.82
ACC_0803,851041885399,Punjab National Bank,4227846.56
ACC_0804,882666446589,Axis Bank,4042284.13
ACC_0805,207872783185,HDFC Bank,696887.33
ACC_0806,765490890695,Punjab National Bank,119367.33
ACC_0807,501562887919,Axis Bank,103667.49
ACC_0808,506706826069,Punjab National Bank,532534.22
ACC_0809,136394084004,ICICI Bank,2182019.33
ACC_0810,566871740130,State Bank of India,326811.53
ACC_0811,834218912712,ICICI Bank,2373652.95
ACC_0812,229439694020,State Bank of India,810814.62
ACC_0813,304313400834,HDFC Bank,2231064.49
ACC_0814,701280476832,ICICI Bank,2787285.0
ACC_0815,175066921907,HDFC Bank,2911020.43
ACC_0816,714677894531,State Bank of India,1162009.22
ACC_0817,427050537850,HDFC Bank,3733464.1
ACC_0818,110268020228,ICICI Bank,300909.94
ACC_0819,116269710201,State Bank of India,2623291.06
ACC_0820,741092105305,Punjab National Bank,45278.6
ACC_0821,992839453531,HDFC Bank,1598326.46
ACC_0822,982531551438,HDFC Bank,944146.39
ACC_0823,626025086862,Axis Bank,1071398.33
ACC_0824,525942291846,Punjab National Bank,3167349.42
ACC_0825,180762006511,HDFC Bank,3335744.66
ACC_0826,662030167406,HDFC Bank,4306066.19
ACC_0827,624278042197,Punjab National Bank,4949344.77
ACC_0828,718787062692,HDFC Bank,1236092.04
ACC_0829,554207453473,ICICI Bank,4688105.14
ACC_0830,391318937123,Axis Bank,299305.41
ACC_0831,144804544956,ICICI Bank,3903379.37
ACC_0832,310572218806,ICICI Bank,1954490.36
ACC_0833,348536595188,HDFC Bank,2397349.64
ACC_0834,971660983787,Punjab National Bank,4443831.96
ACC_0835,799029249819,HDFC Bank,1207461.68
ACC_0836,415771400787,Axis Bank,3865722.75
ACC_0837,758988607003,State Bank of India,2087164.87
ACC_0838,192606739113,HDFC Bank,3864817.45
ACC_0839,503898503537,ICICI Bank,1966943.45
ACC_0840,814959613916,ICICI Bank,1518180.95
ACC_0841,763724020729,ICICI Bank,4596714.63
ACC_0842,660364004663,Axis Bank,1931083.17
ACC_0843,747201971892,Punjab National Bank,4617346.54
ACC_0844,759729331177,Punjab National Bank,687199.43
ACC_0845,200231975010,Axis Bank,4876158.03
ACC_0846,669223780142,Punjab National Bank,3157198.0
ACC_0847,792570318101,ICICI Bank,4670870.18
ACC_0848,417289641770,Punjab National Bank,2568076.03
ACC_0849,456077746116,HDFC Bank,2830508.61
ACC_0850,311769150585,ICICI Bank,2588841.14
ACC_0851,406710225626,ICICI Bank,2989204.79
ACC_0852,824430779269,HDFC Bank,3841801.95
ACC_0853,967113311304,HDFC Bank,4011419.87
ACC_0854,425078911396,HDFC Bank,3435829.8
ACC_0855,883236622438,Punjab National Bank,2764963.06
ACC_0856,977051496663,Axis Bank,2909163.38
ACC_0857,229593833277,ICICI Bank,3193338.2
ACC_0858,758013616340,ICICI Bank,916206.09
ACC_0859,991839124224,Axis Bank,1875618.12
ACC_0860,629963016478,ICICI Bank,4662487.09
ACC_0861,690382249795,ICICI Bank,732553.25
ACC_0862,179912091749,ICICI Bank,623021.96
ACC_0863,994970519121,Punjab National Bank,4919353.96
ACC_0864,173028476003,HDFC Bank,4060143.93
ACC_0865,600342453983,Punjab National Bank,2918334.45
ACC_0866,659535848106,Punjab National Bank,2103045.48
ACC_0867,156975752858,Axis Bank,3140935.52
ACC_0868,754937671430,State Bank of India,2382364.41
ACC_0869,445259040790,State Bank of India,699497.09
ACC_0870,495664914015,State Bank of India,206132.04
ACC_0871,405244528227,State Bank of India,2742905.01
ACC_0872,238591784094,State Bank of India,4628813.3
ACC_0873,566805926240,HDFC Bank,200646.98
ACC_0874,725606211721,State Bank of India,50270.64
ACC_0875,892955588347,ICICI Bank,1421656.32
ACC_0876,354436784355,HDFC Bank,3091941.2
ACC_0877,927084502595,ICICI Bank,4639329.85
ACC_0878,264223925737,State Bank of India,2768997.53
ACC_0879,938878915271,HDFC Bank,860039.83
ACC_0880,324984440084,Punjab National Bank,3081866.87
ACC_0881,280193090820,State Bank of India,2856630.13
ACC_0882,400536410991,Axis Bank,623691.82
ACC_0883,342263652742,HDFC Bank,2298073.56
ACC_0884,405889038053,State Bank of India,16838.64
ACC_0885,437890066202,Axis Bank,2898608.22
ACC_0886,591287149742,HDFC Bank,1161671.47
ACC_0887,189538395298,Axis Bank,3562412.63
ACC_0888,265109398641,Axis Bank,4253081.32
ACC_0889,519836034687,State Bank of India,2706781.84
ACC_0890,324505342081,Axis Bank,2183814.8
ACC_0891,679284344186,ICICI Bank,1611078.0
ACC_0892,656194107950,Punjab National Bank,1940115.46
ACC_0893,767619120197,HDFC Bank,1865432.3
ACC_0894,184625700815,Punjab National Bank,4184861.81
ACC_0895,515251518984,HDFC Bank,3940561.69
ACC_0896,337112821775,ICICI Bank,1766974.18
ACC_0897,371760369583,ICICI Bank,4492364.57
ACC_0898,758759696106,Axis Bank,4803314.74
ACC_0899,368707366587,State Bank of India,2261776.79
ACC_0900,124911242572,Axis Bank,2858710.91
ACC_0901,518155956828,State Bank of India,2455296.4
ACC_0902,592736594684,Axis Bank,448215.06
ACC_0903,483346987022,HDFC Bank,1346339.09
ACC_0904,625102096404,HDFC Bank,843539.74
ACC_0905,743616512800,Punjab National Bank,2995927.0
ACC_0906,318227898860,State Bank of India,4895828.32
ACC_0907,153105431702,HDFC Bank,450772.53
ACC_0908,275732237306,State Bank of India,3077634.33
ACC_0909,153913968659,ICICI Bank,397197.55
ACC_0910,383175827127,Axis Bank,745997.67
ACC_0911,406814827519,HDFC Bank,1146214.25
ACC_0912,281726931149,Punjab National Bank,334827.72
ACC_0913,202528643712,Punjab National Bank,261680.53
ACC_0914,961805038891,HDFC Bank,1441926.72
ACC_0915,358419275360,State Bank of India,4038835.92
ACC_0916,762264135789,State Bank of India,337843.13
ACC_0917,392493759560,HDFC Bank,2670232.67
ACC_0918,610152175213,Punjab National Bank,3804540.55
ACC_0919,296379685166,HDFC Bank,2668753.05
ACC_0920,367090301071,State Bank of India,1628063.82
ACC_0921,942551441965,ICICI Bank,2566716.3
ACC_0922,649844796841,Punjab National Bank,4474296.08
ACC_0923,247720270584,HDFC Bank,242673.99
ACC_0924,362561190526,Punjab National Bank,4171565.32
ACC_0925,961458188465,ICICI Bank,2312563.67
ACC_0926,290932531321,State Bank of India,3567435.03
ACC_0927,800775827198,Punjab National Bank,3772813.56
ACC_0928,247649916530,State Bank of India,1436725.28
ACC_0929,978444906750,Axis Bank,3387949.55
ACC_0930,702992006185,Punjab National Bank,3631448.46
ACC_0931,679342953237,Axis Bank,4810562.39
ACC_0932,675282030063,ICICI Bank,3932137.22
ACC_0933,888459237999,Axis Bank,3758404.68
ACC_0934,282139591375,Punjab National Bank,4289776.25
ACC_0935,985305458961,State Bank of India,1035258.17
ACC_0936,225835850989,Punjab National Bank,4520921.85
ACC_0937,513959995856,ICICI Bank,1868743.46
ACC_0938,633926905953,HDFC Bank,3751806.56
ACC_0939,577667237814,HDFC Bank,2250252.23
ACC_0940,970119270952,HDFC Bank,3245707.53
ACC_0941,535088657361,HDFC Bank,712434.33
ACC_0942,352975736581,Axis Bank,1265346.85
ACC_0943,612815827483,Axis Bank,1858464.04
ACC_0944,607685288185,HDFC Bank,2079584.34
ACC_0945,366508502832,HDFC Bank,4485297.3
ACC_0946,211337349422,ICICI Bank,1870804.17
ACC_0947,612606730953,Axis Bank,4435345.59
ACC_0948,576192098857,State Bank of India,2991584.09
ACC_0949,707791823618,Axis Bank,203581.55
ACC_0950,627624597154,State Bank of India,1763059.68
ACC_0951,440133403657,Punjab National Bank,830561.03
ACC_0952,211635217585,HDFC Bank,3721944.23
ACC_0953,398764754590,State Bank of India,124392.86
ACC_0954,792429017371,Punjab National Bank,1856960.89
ACC_0955,544307317250,ICICI Bank,3992757.36
ACC_0956,479934056725,Punjab National Bank,1633396.79
ACC_0957,157414983384,Punjab National Bank,2928520.2
ACC_0958,584831082628,Axis Bank,2167607.47
ACC_0959,140862197060,Punjab National Bank,3643593.54
ACC_0960,656483238381,State Bank of India,4993224.01
ACC_0961,515858975663,ICICI Bank,3303420.69
ACC_0962,905048074940,ICICI Bank,720613.43
ACC_0963,199627496988,Punjab National Bank,1920063.79
ACC_0964,342212101136,State Bank of India,221023.09
ACC_0965,311024379137,Axis Bank,2846905.1
ACC_0966,977966859699,HDFC Bank,2135130.55
ACC_0967,381613218102,HDFC Bank,3834.34
ACC_0968,276378107365,State Bank of India,1328272.94
ACC_0969,965361455055,State Bank of India,1096253.16
ACC_0970,644054724977,State Bank of India,400767.68
ACC_0971,991032224215,ICICI Bank,3084374.97
ACC_0972,512228633770,Axis Bank,4778386.47
ACC_0973,732468652114,Punjab National Bank,2740078.87
ACC_0974,997224362940,ICICI Bank,3157991.09
ACC_0975,676928066527,HDFC Bank,3339091.55
ACC_0976,889566853259,Punjab National Bank,2600721.36
ACC_0977,985961406865,Punjab National Bank,3891702.27
ACC_0978,345866676491,State Bank of India,2169932.96
ACC_0979,461946293714,Punjab National Bank,1503544.18
ACC_0980,898746927070,Axis Bank,257381.57
ACC_0981,428958815917,ICICI Bank,533377.51
ACC_0982,710520890797,HDFC Bank,4222596.48
ACC_0983,374689687716,Axis Bank,4525968.12
ACC_0984,211351543888,Punjab National Bank,2529712.44
ACC_0985,917816083126,Axis Bank,2097038.36
ACC_0986,427840064087,State Bank of India,1213228.45
ACC_0987,630956991762,State Bank of India,3875055.24
ACC_0988,576985766548,Axis Bank,4075489.11
ACC_0989,555928155661,Axis Bank,4891814.74
ACC_0990,230439789310,ICICI Bank,1179175.92
ACC_0991,537907453529,Punjab National Bank,1070928.82
ACC_0992,414542408083,HDFC Bank,3053253.05
ACC_0993,470075403629,HDFC Bank,2990312.83
ACC_0994,514865691773,State Bank of India,504198.51
ACC_0995,972231880929,State Bank of India,751081.2
ACC_0996,643006455836,State Bank of India,4671936.88
ACC_0997,988171703415,HDFC Bank,4959194.52
ACC_0998,615405040246,HDFC Bank,164390.44
ACC_0999,503055106120,ICICI Bank,3330625.1
ACC_1000,143325569312,HDFC Bank,4464505.75
ACC_1001,208792130381,State Bank of India,4981581.36
ACC_1002,774479575608,State Bank of India,4107327.48
ACC_1003,968409093281,HDFC Bank,4485383.62
ACC_1004,218070197541,ICICI Bank,2967257.41
ACC_1005,179568939918,Punjab National Bank,1422939.83
ACC_1006,607085066930,Punjab National Bank,4262124.8
ACC_1007,805050638808,Punjab National Bank,481504.83
ACC_1008,347417963064,ICICI Bank,161136.65
ACC_1009,473027171465,HDFC Bank,3474848.95
ACC_1010,597401325570,ICICI Bank,4758571.2
ACC_1011,423438519866,Axis Bank,2090430.02
ACC_1012,361694492375,ICICI Bank,3331610.57
ACC_1013,362897298764,Axis Bank,744455.87
ACC_1014,139321366532,State Bank of India,294681.68
ACC_1015,232607723559,HDFC Bank,539264.8
ACC_1016,239367051012,HDFC Bank,3614125.88
ACC_1017,947321779307,ICICI Bank,3438941.31
ACC_1018,364480952071,Axis Bank,2177238.84
ACC_1019,837206702374,Punjab National Bank,3647172.9
ACC_1020,330678874270,Axis Bank,3281252.14
ACC_1021,273362959038,Axis Bank,958251.53
ACC_1022,151823313151,State Bank of India,4205765.64
ACC_1023,378329460257,Axis Bank,933625.9
ACC_1024,608943389366,Axis Bank,3918840.19
ACC_1025,455892047104,Axis Bank,665383.37
ACC_1026,917447846195,Axis Bank,3292365.67
ACC_1027,725997986456,HDFC Bank,38186.08
ACC_1028,283752473518,ICICI Bank,2079589.37
ACC_1029,469317232018,HDFC Bank,211085.35
ACC_1030,362595765001,Punjab National Bank,3020005.25
ACC_1031,409053230634,HDFC Bank,3604201.16
ACC_1032,140449444491,State Bank of India,3158058.27
ACC_1033,476717445096,Punjab National Bank,1865746.44
ACC_1034,211680906360,Axis Bank,3858068.58
ACC_1035,653918814375,HDFC Bank,1056097.75
ACC_1036,848752463095,Punjab National Bank,1367956.73
ACC_1037,772551023964,Punjab National Bank,984108.41
ACC_1038,979314113745,State Bank of India,2275307.55
ACC_1039,751628603640,Punjab National Bank,1451676.24
ACC_1040,933209869080,Axis Bank,223523.79
ACC_1041,118608398545,Axis Bank,2947011.99
ACC_1042,971728405516,State Bank of India,2373113.32
ACC_1043,559038521281,Axis Bank,4570611.92
ACC_1044,729679831486,HDFC Bank,4615524.48
ACC_1045,752125509707,HDFC Bank,2246907.42
ACC_1046,997814425058,HDFC Bank,3342492.71
ACC_1047,381662081479,Axis Bank,1327564.2
ACC_1048,351387626218,State Bank of India,1109782.89
ACC_1049,597449585302,HDFC Bank,1985503.93
ACC_1050,153386489713,State Bank of India,4012153.5
ACC_1051,689585771657,Punjab National Bank,4699644.61
ACC_1052,649826008287,ICICI Bank,3844735.4
ACC_1053,158683487635,Axis Bank,4944353.08
ACC_1054,685032160775,Punjab National Bank,1438498.13
ACC_1055,529450675009,Punjab National Bank,3628880.42
ACC_1056,697761680048,HDFC Bank,72042.56
ACC_1057,187744036474,ICICI Bank,3234568.06
ACC_1058,628051534073,State Bank of India,498200.24
ACC_1059,924337720185,ICICI Bank,845944.14
ACC_1060,835694897979,ICICI Bank,2078462.66
ACC_1061,572042480393,HDFC Bank,3646079.8
ACC_1062,204631543545,ICICI Bank,1548152.63
ACC_1063,862538456066,Punjab National Bank,3195474.0
ACC_1064,104024825971,HDFC Bank,330845.38
ACC_1065,975186943779,ICICI Bank,4825753.23
ACC_1066,938005546431,Axis Bank,1688311.67
ACC_1067,943963062529,Punjab National Bank,2327020.83
ACC_1068,628805382225,Punjab National Bank,1392224.53
ACC_1069,491199657717,State Bank of India,1766847.58
ACC_1070,986429197802,HDFC Bank,2726976.97
ACC_1071,895643876630,State Bank of India,4554688.75
ACC_1072,983132644129,State Bank of India,4960622.77
ACC_1073,259610829349,ICICI Bank,802538.8
ACC_1074,859415578520,Punjab National Bank,971658.04
ACC_1075,794742375049,ICICI Bank,149915.75
ACC_1076,528867543627,Axis Bank,518743.37
ACC_1077,952604350668,Axis Bank,1062587.55
ACC_1078,779421493691,Axis Bank,3867543.44
ACC_1079,867715673235,State Bank of India,4880710.19
ACC_1080,352306355987,Axis Bank,2787731.37
ACC_1081,527168226754,ICICI Bank,3212994.38
ACC_1082,138834942383,Axis Bank,941214.55
ACC_1083,488999222257,State Bank of India,4938324.31
ACC_1084,512033049213,ICICI Bank,2078252.88
ACC_1085,107892084516,ICICI Bank,4310172.23
ACC_1086,246394927792,State Bank of India,2973647.81
ACC_1087,944224837430,State Bank of India,2964834.63
ACC_1088,643199244851,Punjab National Bank,4980682.26
ACC_1089,936341387987,ICICI Bank,599645.47
ACC_1090,137842223732,ICICI Bank,1230941.84
ACC_1091,423950659705,State Bank of India,4293425.91
ACC_1092,831433811484,HDFC Bank,3479837.97
ACC_1093,520115203970,HDFC Bank,1404059.74
ACC_1094,554621158698,State Bank of India,4875672.65
ACC_1095,183166824340,Axis Bank,1542617.27
ACC_1096,547964316461,State Bank of India,131712.77
ACC_1097,457707017893,HDFC Bank,3559289.74
ACC_1098,254058350402,Punjab National Bank,3014929.15
ACC_1099,211031647240,ICICI Bank,567757.53
ACC_1100,391948851849,ICICI Bank,1592240.33
ACC_1101,298099898903,Punjab National Bank,1062340.03
ACC_1102,189336915729,HDFC Bank,246344.45
ACC_1103,704562321344,Punjab National Bank,4564953.07
ACC_1104,989400380840,Punjab National Bank,4676111.33
ACC_1105,859652155913,Punjab National Bank,1486734.8
ACC_1106,823926902828,ICICI Bank,503078.15
ACC_1107,926367383437,State Bank of India,1560149.09
ACC_1108,563332328494,State Bank of India,3289829.66
ACC_1109,912904372103,State Bank of India,685321.28
ACC_1110,748302533039,State Bank of India,535036.65
ACC_1111,144998273972,Axis Bank,4047693.39
ACC_1112,694449194985,State Bank of India,1322146.97
ACC_1113,373993603748,State Bank of India,1670980.09
ACC_1114,813759695021,Punjab National Bank,3503786.63
ACC_1115,791935869243,State Bank of India,2352108.05
ACC_1116,880519032210,HDFC Bank,847678.55
ACC_1117,851034410882,Punjab National Bank,1193694.1
ACC_1118,106046929533,Punjab National Bank,4375488.64
ACC_1119,974355229003,HDFC Bank,2463771.39
ACC_1120,165446332423,Axis Bank,1055826.58
ACC_1121,528065999920,HDFC Bank,4125301.86
ACC_1122,479214286063,HDFC Bank,2023198.45
ACC_1123,553508904470,Punjab National Bank,1439026.11
ACC_1124,775379444078,State Bank of India,3534814.91
ACC_1125,809764817410,Punjab National Bank,2488888.51
ACC_1126,228753738683,Axis Bank,2954096.06
ACC_1127,378085326817,HDFC Bank,2883503.45
ACC_1128,807872656453,Punjab National Bank,600766.2
ACC_1129,373464964815,HDFC Bank,3555629.89
ACC_1130,917117510773,State Bank of India,3656531.17
ACC_1131,536729747321,HDFC Bank,4826134.25
ACC_1132,731843864063,State Bank of India,3259613.13
ACC_1133,223339591625,State Bank of India,2067365.82
ACC_1134,324804416487,Axis Bank,722774.12
ACC_1135,811780509695,State Bank of India,4344136.91
ACC_1136,514082636743,Punjab National Bank,3401892.33
ACC_1137,827753912065,HDFC Bank,4288923.4
ACC_1138,323965001607,Axis Bank,1766537.77
ACC_1139,833880851734,HDFC Bank,2450076.75
ACC_1140,404724248906,Axis Bank,245618.2
ACC_1141,572459533978,Axis Bank,793866.89
ACC_1142,168005180900,Axis Bank,2621885.7
ACC_1143,551847051700,State Bank of India,4406651.65
ACC_1144,409841938029,ICICI Bank,886123.33
ACC_1145,116187961799,Axis Bank,3928690.42
ACC_1146,170994058601,Punjab National Bank,2272690.85
ACC_1147,805676852121,HDFC Bank,2247266.02
ACC_1148,398030335767,HDFC Bank,2402271.09
ACC_1149,117753190354,HDFC Bank,3226456.57
ACC_1150,342169934180,Punjab National Bank,2548978.85
ACC_1151,262925187455,State Bank of India,1339111.29
ACC_1152,672823370623,ICICI Bank,3449849.34
ACC_1153,669763033502,ICICI Bank,3732268.25
ACC_1154,168806662718,Punjab National Bank,4785813.5
ACC_1155,362453078327,ICICI Bank,1261241.74
ACC_1156,929977923698,Punjab National Bank,4279394.94
ACC_1157,978640416301,Punjab National Bank,4609215.58
ACC_1158,648156021620,Punjab National Bank,17850.82
ACC_1159,125592084557,ICICI Bank,3842697.11
ACC_1160,708896167202,Axis Bank,2840187.37
ACC_1161,628287250277,HDFC Bank,937671.96
ACC_1162,438154023477,Axis Bank,1256587.39
ACC_1163,399808444886,Punjab National Bank,998134.08
ACC_1164,836165785490,Punjab National Bank,2826513.15
ACC_1165,204612035295,Axis Bank,2359800.52
ACC_1166,457534054609,State Bank of India,4289124.41
ACC_1167,616928866255,HDFC Bank,2662897.45
ACC_1168,351226168645,Axis Bank,4787551.48
ACC_1169,855984816312,State Bank of India,516858.89
ACC_1170,254171825253,HDFC Bank,2054265.77
ACC_1171,323526748585,Axis Bank,2062387.01
ACC_1172,916026417623,State Bank of India,513973.19
ACC_1173,583392419021,HDFC Bank,1104440.06
ACC_1174,337144616692,ICICI Bank,485184.07
ACC_1175,109691407062,Punjab National Bank,2046281.77
ACC_1176,409200346025,Punjab National Bank,4449118.02
ACC_1177,331469113742,State Bank of India,1704730.61
ACC_1178,771031557769,State Bank of India,468457.27
ACC_1179,968658495736,Punjab National Bank,2684918.54
ACC_1180,365261091783,State Bank of India,2380586.32
ACC_1181,693895542835,HDFC Bank,3286827.81
ACC_1182,901852651047,State Bank of India,4631214.85
ACC_1183,999750763740,HDFC Bank,3978815.71
ACC_1184,464588900070,State Bank of India,444462.22
ACC_1185,351611550322,Punjab National Bank,1389072.12
ACC_1186,866338583768,ICICI Bank,4673339.48
ACC_1187,597156755523,Punjab National Bank,3479999.09
ACC_1188,911864350848,State Bank of India,4903543.8
ACC_1189,123930287429,ICICI Bank,963530.58
ACC_1190,275330503693,HDFC Bank,3687637.53
ACC_1191,296419335163,HDFC Bank,4136560.03
ACC_1192,242582798168,ICICI Bank,2304814.74
ACC_1193,596763052570,HDFC Bank,3093612.42
ACC_1194,228984271283,HDFC Bank,1833845.42
ACC_1195,429686382354,Axis Bank,770493.46
ACC_1196,275669129509,Axis Bank,1891052.63
ACC_1197,508757943796,State Bank of India,2665615.28
ACC_1198,563396478651,State Bank of India,425051.72
ACC_1199,332604838756,State Bank of India,769544.77
ACC_1200,577207114932,HDFC Bank,3498738.01
