event_id,event_title,timestamp,location_id,case_id
EVT_0001,Raid/Meeting Event #001,2025-07-07T07:12:54Z,LOC_0005,CASE_0164
EVT_0002,Raid/Meeting Event #002,2023-06-11T09:49:01Z,LOC_0114,CASE_0068
EVT_0003,Raid/Meeting Event #003,2025-08-09T11:01:39Z,LOC_0086,CASE_0052
EVT_0004,Raid/Meeting Event #004,2025-03-04T23:38:59Z,LOC_0028,CASE_0233
EVT_0005,Raid/Meeting Event #005,2026-07-02T05:11:39Z,LOC_0098,CASE_0229
EVT_0006,Raid/Meeting Event #006,2026-06-28T19:57:54Z,LOC_0035,CASE_0231
EVT_0007,Raid/Meeting Event #007,2024-04-30T02:01:47Z,LOC_0072,CASE_0019
EVT_0008,Raid/Meeting Event #008,2023-02-07T03:15:54Z,LOC_0107,CASE_0100
EVT_0009,Raid/Meeting Event #009,2025-08-31T05:06:33Z,LOC_0126,CASE_0140
EVT_0010,Raid/Meeting Event #010,2025-04-25T14:44:43Z,LOC_0074,CASE_0082
EVT_0011,Raid/Meeting Event #011,2025-01-01T02:40:04Z,LOC_0057,CASE_0218
EVT_0012,Raid/Meeting Event #012,2026-07-09T19:18:07Z,LOC_0038,CASE_0233
EVT_0013,Raid/Meeting Event #013,2023-04-29T07:11:23Z,LOC_0111,CASE_0090
EVT_0014,Raid/Meeting Event #014,2023-03-28T23:01:23Z,LOC_0046,CASE_0234
EVT_0015,Raid/Meeting Event #015,2025-11-27T11:04:30Z,LOC_0071,CASE_0040
EVT_0016,Raid/Meeting Event #016,2023-11-25T11:46:33Z,LOC_0135,CASE_0147
EVT_0017,Raid/Meeting Event #017,2023-10-30T23:41:54Z,LOC_0089,CASE_0069
EVT_0018,Raid/Meeting Event #018,2026-02-27T11:44:25Z,LOC_0066,CASE_0217
EVT_0019,Raid/Meeting Event #019,2026-07-21T20:09:10Z,LOC_0004,CASE_0118
EVT_0020,Raid/Meeting Event #020,2023-04-29T11:20:56Z,LOC_0018,CASE_0165
EVT_0021,Raid/Meeting Event #021,2023-01-24T18:51:38Z,LOC_0119,CASE_0194
EVT_0022,Raid/Meeting Event #022,2023-09-24T11:20:26Z,LOC_0133,CASE_0096
EVT_0023,Raid/Meeting Event #023,2023-02-07T05:58:22Z,LOC_0044,CASE_0063
EVT_0024,Raid/Meeting Event #024,2025-10-24T04:11:21Z,LOC_0007,CASE_0089
EVT_0025,Raid/Meeting Event #025,2025-09-19T04:14:14Z,LOC_0008,CASE_0216
EVT_0026,Raid/Meeting Event #026,2024-10-23T05:18:14Z,LOC_0112,CASE_0114
EVT_0027,Raid/Meeting Event #027,2023-05-27T11:14:02Z,LOC_0065,CASE_0139
EVT_0028,Raid/Meeting Event #028,2024-06-11T21:20:14Z,LOC_0060,CASE_0239
EVT_0029,Raid/Meeting Event #029,2023-12-12T10:45:10Z,LOC_0051,CASE_0199
EVT_0030,Raid/Meeting Event #030,2023-07-09T14:40:56Z,LOC_0128,CASE_0196
EVT_0031,Raid/Meeting Event #031,2023-05-06T04:12:01Z,LOC_0066,CASE_0117
EVT_0032,Raid/Meeting Event #032,2025-06-12T02:14:08Z,LOC_0082,CASE_0092
EVT_0033,Raid/Meeting Event #033,2024-02-01T20:31:32Z,LOC_0017,CASE_0044
EVT_0034,Raid/Meeting Event #034,2025-05-24T10:41:07Z,LOC_0142,CASE_0178
EVT_0035,Raid/Meeting Event #035,2023-09-15T14:45:16Z,LOC_0075,CASE_0193
EVT_0036,Raid/Meeting Event #036,2026-03-24T04:34:30Z,LOC_0149,CASE_0046
EVT_0037,Raid/Meeting Event #037,2023-09-01T06:59:55Z,LOC_0002,CASE_0211
EVT_0038,Raid/Meeting Event #038,2026-05-01T08:27:35Z,LOC_0047,CASE_0130
EVT_0039,Raid/Meeting Event #039,2025-11-09T02:21:03Z,LOC_0141,CASE_0019
EVT_0040,Raid/Meeting Event #040,2024-07-07T20:41:48Z,LOC_0047,CASE_0013
EVT_0041,Raid/Meeting Event #041,2025-03-01T17:18:28Z,LOC_0091,CASE_0036
EVT_0042,Raid/Meeting Event #042,2023-06-21T21:48:10Z,LOC_0113,CASE_0224
EVT_0043,Raid/Meeting Event #043,2024-09-01T16:33:59Z,LOC_0141,CASE_0001
EVT_0044,Raid/Meeting Event #044,2023-07-06T17:18:49Z,LOC_0041,CASE_0107
EVT_0045,Raid/Meeting Event #045,2025-08-01T08:56:23Z,LOC_0111,CASE_0043
EVT_0046,Raid/Meeting Event #046,2024-06-03T02:33:07Z,LOC_0012,CASE_0218
EVT_0047,Raid/Meeting Event #047,2024-05-23T22:10:38Z,LOC_0015,CASE_0123
EVT_0048,Raid/Meeting Event #048,2026-02-18T09:02:27Z,LOC_0059,CASE_0183
EVT_0049,Raid/Meeting Event #049,2023-07-31T01:38:20Z,LOC_0072,CASE_0192
EVT_0050,Raid/Meeting Event #050,2025-07-21T06:57:05Z,LOC_0017,CASE_0060
EVT_0051,Raid/Meeting Event #051,2025-07-22T06:52:19Z,LOC_0076,CASE_0062
EVT_0052,Raid/Meeting Event #052,2023-03-26T03:51:47Z,LOC_0064,CASE_0210
EVT_0053,Raid/Meeting Event #053,2025-12-04T18:28:07Z,LOC_0044,CASE_0094
EVT_0054,Raid/Meeting Event #054,2023-03-13T04:34:21Z,LOC_0044,CASE_0125
EVT_0055,Raid/Meeting Event #055,2024-01-25T07:08:13Z,LOC_0102,CASE_0209
EVT_0056,Raid/Meeting Event #056,2023-08-25T01:27:59Z,LOC_0062,CASE_0144
EVT_0057,Raid/Meeting Event #057,2023-12-24T20:12:44Z,LOC_0130,CASE_0246
EVT_0058,Raid/Meeting Event #058,2024-03-13T15:04:39Z,LOC_0076,CASE_0013
EVT_0059,Raid/Meeting Event #059,2026-03-24T13:44:18Z,LOC_0060,CASE_0124
EVT_0060,Raid/Meeting Event #060,2025-09-24T20:51:39Z,LOC_0101,CASE_0091
EVT_0061,Raid/Meeting Event #061,2024-02-04T01:34:44Z,LOC_0054,CASE_0153
EVT_0062,Raid/Meeting Event #062,2025-06-26T06:17:27Z,LOC_0069,CASE_0040
EVT_0063,Raid/Meeting Event #063,2026-02-10T02:24:57Z,LOC_0144,CASE_0194
EVT_0064,Raid/Meeting Event #064,2024-07-07T14:09:12Z,LOC_0135,CASE_0005
EVT_0065,Raid/Meeting Event #065,2023-10-24T19:52:43Z,LOC_0058,CASE_0007
EVT_0066,Raid/Meeting Event #066,2025-03-23T01:02:33Z,LOC_0106,CASE_0164
EVT_0067,Raid/Meeting Event #067,2024-01-31T14:25:08Z,LOC_0025,CASE_0074
EVT_0068,Raid/Meeting Event #068,2025-05-14T16:29:18Z,LOC_0106,CASE_0168
EVT_0069,Raid/Meeting Event #069,2024-01-17T19:47:22Z,LOC_0033,CASE_0152
EVT_0070,Raid/Meeting Event #070,2025-10-04T22:51:48Z,LOC_0012,CASE_0132
EVT_0071,Raid/Meeting Event #071,2024-05-11T01:14:16Z,LOC_0006,CASE_0086
EVT_0072,Raid/Meeting Event #072,2023-03-30T21:32:40Z,LOC_0070,CASE_0240
EVT_0073,Raid/Meeting Event #073,2025-11-08T11:19:29Z,LOC_0131,CASE_0219
EVT_0074,Raid/Meeting Event #074,2025-02-08T20:28:06Z,LOC_0028,CASE_0086
EVT_0075,Raid/Meeting Event #075,2025-06-27T01:39:15Z,LOC_0008,CASE_0215
EVT_0076,Raid/Meeting Event #076,2024-05-04T06:18:07Z,LOC_0031,CASE_0143
EVT_0077,Raid/Meeting Event #077,2023-07-14T13:55:53Z,LOC_0055,CASE_0120
EVT_0078,Raid/Meeting Event #078,2025-01-28T10:24:27Z,LOC_0044,CASE_0027
EVT_0079,Raid/Meeting Event #079,2023-04-03T04:52:22Z,LOC_0014,CASE_0124
EVT_0080,Raid/Meeting Event #080,2024-01-29T05:32:49Z,LOC_0074,CASE_0066
EVT_0081,Raid/Meeting Event #081,2024-12-31T22:16:03Z,LOC_0147,CASE_0177
EVT_0082,Raid/Meeting Event #082,2023-12-26T15:06:47Z,LOC_0146,CASE_0028
EVT_0083,Raid/Meeting Event #083,2025-12-10T16:43:59Z,LOC_0019,CASE_0121
EVT_0084,Raid/Meeting Event #084,2023-07-13T23:38:48Z,LOC_0125,CASE_0241
EVT_0085,Raid/Meeting Event #085,2024-01-26T13:46:50Z,LOC_0003,CASE_0008
EVT_0086,Raid/Meeting Event #086,2023-11-08T07:48:00Z,LOC_0066,CASE_0092
EVT_0087,Raid/Meeting Event #087,2024-09-04T19:27:07Z,LOC_0136,CASE_0174
EVT_0088,Raid/Meeting Event #088,2025-02-22T03:08:16Z,LOC_0071,CASE_0235
EVT_0089,Raid/Meeting Event #089,2025-04-03T06:14:21Z,LOC_0102,CASE_0085
EVT_0090,Raid/Meeting Event #090,2025-11-13T08:18:45Z,LOC_0125,CASE_0194
EVT_0091,Raid/Meeting Event #091,2023-11-20T06:48:23Z,LOC_0123,CASE_0076
EVT_0092,Raid/Meeting Event #092,2026-04-27T19:50:12Z,LOC_0072,CASE_0154
EVT_0093,Raid/Meeting Event #093,2024-08-10T18:18:17Z,LOC_0104,CASE_0097
EVT_0094,Raid/Meeting Event #094,2023-01-08T15:08:07Z,LOC_0114,CASE_0035
EVT_0095,Raid/Meeting Event #095,2023-12-07T09:27:27Z,LOC_0101,CASE_0097
EVT_0096,Raid/Meeting Event #096,2026-02-07T09:52:40Z,LOC_0015,CASE_0197
EVT_0097,Raid/Meeting Event #097,2024-03-29T21:25:35Z,LOC_0121,CASE_0068
EVT_0098,Raid/Meeting Event #098,2023-06-10T20:08:09Z,LOC_0038,CASE_0002
EVT_0099,Raid/Meeting Event #099,2025-05-17T08:00:36Z,LOC_0028,CASE_0140
EVT_0100,Raid/Meeting Event #100,2023-01-03T10:36:45Z,LOC_0050,CASE_0112
EVT_0101,Raid/Meeting Event #101,2025-03-13T18:08:05Z,LOC_0054,CASE_0129
EVT_0102,Raid/Meeting Event #102,2025-09-20T06:50:55Z,LOC_0040,CASE_0092
EVT_0103,Raid/Meeting Event #103,2026-07-29T04:42:07Z,LOC_0034,CASE_0203
EVT_0104,Raid/Meeting Event #104,2025-04-08T17:30:59Z,LOC_0150,CASE_0161
EVT_0105,Raid/Meeting Event #105,2024-03-14T03:11:06Z,LOC_0002,CASE_0079
EVT_0106,Raid/Meeting Event #106,2023-12-02T11:00:50Z,LOC_0149,CASE_0064
EVT_0107,Raid/Meeting Event #107,2026-04-16T22:10:53Z,LOC_0094,CASE_0030
EVT_0108,Raid/Meeting Event #108,2024-09-16T17:22:50Z,LOC_0005,CASE_0036
EVT_0109,Raid/Meeting Event #109,2024-09-07T01:06:25Z,LOC_0085,CASE_0124
EVT_0110,Raid/Meeting Event #110,2024-11-16T07:31:17Z,LOC_0096,CASE_0034
EVT_0111,Raid/Meeting Event #111,2025-12-07T18:51:38Z,LOC_0111,CASE_0108
EVT_0112,Raid/Meeting Event #112,2025-05-20T22:07:33Z,LOC_0075,CASE_0243
EVT_0113,Raid/Meeting Event #113,2025-05-18T06:01:52Z,LOC_0014,CASE_0056
EVT_0114,Raid/Meeting Event #114,2025-11-01T06:39:40Z,LOC_0026,CASE_0110
EVT_0115,Raid/Meeting Event #115,2023-11-01T22:32:28Z,LOC_0103,CASE_0121
EVT_0116,Raid/Meeting Event #116,2025-03-23T19:47:31Z,LOC_0018,CASE_0118
EVT_0117,Raid/Meeting Event #117,2024-05-04T11:44:20Z,LOC_0039,CASE_0067
EVT_0118,Raid/Meeting Event #118,2026-07-19T22:15:08Z,LOC_0142,CASE_0018
EVT_0119,Raid/Meeting Event #119,2024-01-22T00:30:34Z,LOC_0087,CASE_0063
EVT_0120,Raid/Meeting Event #120,2025-01-27T06:44:51Z,LOC_0099,CASE_0227
EVT_0121,Raid/Meeting Event #121,2024-02-20T18:02:28Z,LOC_0041,CASE_0157
EVT_0122,Raid/Meeting Event #122,2026-07-13T07:18:15Z,LOC_0132,CASE_0059
EVT_0123,Raid/Meeting Event #123,2026-03-20T04:43:13Z,LOC_0057,CASE_0003
EVT_0124,Raid/Meeting Event #124,2023-11-21T23:16:28Z,LOC_0092,CASE_0062
EVT_0125,Raid/Meeting Event #125,2025-07-20T03:49:58Z,LOC_0094,CASE_0035
EVT_0126,Raid/Meeting Event #126,2026-02-24T07:44:10Z,LOC_0102,CASE_0011
EVT_0127,Raid/Meeting Event #127,2025-03-21T18:32:12Z,LOC_0138,CASE_0089
EVT_0128,Raid/Meeting Event #128,2023-10-20T08:49:44Z,LOC_0047,CASE_0154
EVT_0129,Raid/Meeting Event #129,2026-06-05T18:11:09Z,LOC_0144,CASE_0215
EVT_0130,Raid/Meeting Event #130,2024-12-27T23:52:54Z,LOC_0061,CASE_0075
EVT_0131,Raid/Meeting Event #131,2025-12-30T21:26:48Z,LOC_0008,CASE_0024
EVT_0132,Raid/Meeting Event #132,2023-05-11T14:59:57Z,LOC_0066,CASE_0159
EVT_0133,Raid/Meeting Event #133,2026-06-11T19:03:31Z,LOC_0126,CASE_0214
EVT_0134,Raid/Meeting Event #134,2026-01-23T04:23:05Z,LOC_0078,CASE_0117
EVT_0135,Raid/Meeting Event #135,2024-05-26T03:37:02Z,LOC_0070,CASE_0187
EVT_0136,Raid/Meeting Event #136,2025-01-30T07:48:00Z,LOC_0052,CASE_0173
EVT_0137,Raid/Meeting Event #137,2025-10-13T06:28:20Z,LOC_0116,CASE_0220
EVT_0138,Raid/Meeting Event #138,2024-12-20T13:49:04Z,LOC_0010,CASE_0071
EVT_0139,Raid/Meeting Event #139,2026-03-27T22:35:05Z,LOC_0011,CASE_0148
EVT_0140,Raid/Meeting Event #140,2024-10-09T19:17:50Z,LOC_0118,CASE_0137
EVT_0141,Raid/Meeting Event #141,2023-04-16T09:42:40Z,LOC_0080,CASE_0094
EVT_0142,Raid/Meeting Event #142,2026-07-02T07:12:42Z,LOC_0100,CASE_0221
EVT_0143,Raid/Meeting Event #143,2024-06-06T13:36:10Z,LOC_0148,CASE_0123
EVT_0144,Raid/Meeting Event #144,2024-12-01T04:03:03Z,LOC_0060,CASE_0157
EVT_0145,Raid/Meeting Event #145,2024-08-20T23:49:43Z,LOC_0025,CASE_0200
EVT_0146,Raid/Meeting Event #146,2023-02-18T15:39:34Z,LOC_0052,CASE_0198
EVT_0147,Raid/Meeting Event #147,2025-12-03T11:27:33Z,LOC_0065,CASE_0006
EVT_0148,Raid/Meeting Event #148,2024-06-17T00:33:19Z,LOC_0121,CASE_0053
EVT_0149,Raid/Meeting Event #149,2024-09-15T15:43:51Z,LOC_0139,CASE_0232
EVT_0150,Raid/Meeting Event #150,2026-02-06T22:19:02Z,LOC_0149,CASE_0025
EVT_0151,Raid/Meeting Event #151,2023-03-21T12:04:15Z,LOC_0133,CASE_0222
EVT_0152,Raid/Meeting Event #152,2026-03-04T14:07:12Z,LOC_0006,CASE_0076
EVT_0153,Raid/Meeting Event #153,2026-06-12T20:20:09Z,LOC_0029,CASE_0181
EVT_0154,Raid/Meeting Event #154,2025-11-13T16:30:39Z,LOC_0128,CASE_0248
EVT_0155,Raid/Meeting Event #155,2024-05-02T10:14:44Z,LOC_0110,CASE_0160
EVT_0156,Raid/Meeting Event #156,2025-09-19T20:23:21Z,LOC_0072,CASE_0228
EVT_0157,Raid/Meeting Event #157,2023-11-30T08:00:37Z,LOC_0009,CASE_0122
EVT_0158,Raid/Meeting Event #158,2026-01-13T05:50:20Z,LOC_0042,CASE_0207
EVT_0159,Raid/Meeting Event #159,2023-06-11T16:10:32Z,LOC_0129,CASE_0170
EVT_0160,Raid/Meeting Event #160,2026-05-16T20:52:35Z,LOC_0130,CASE_0117
EVT_0161,Raid/Meeting Event #161,2025-10-25T00:02:05Z,LOC_0117,CASE_0206
EVT_0162,Raid/Meeting Event #162,2023-04-17T04:26:18Z,LOC_0109,CASE_0244
EVT_0163,Raid/Meeting Event #163,2025-06-14T01:18:07Z,LOC_0026,CASE_0100
EVT_0164,Raid/Meeting Event #164,2024-05-12T12:42:20Z,LOC_0130,CASE_0119
EVT_0165,Raid/Meeting Event #165,2023-10-09T05:35:30Z,LOC_0060,CASE_0106
EVT_0166,Raid/Meeting Event #166,2024-01-20T02:02:16Z,LOC_0079,CASE_0196
EVT_0167,Raid/Meeting Event #167,2023-04-19T23:10:13Z,LOC_0031,CASE_0009
EVT_0168,Raid/Meeting Event #168,2024-02-14T15:05:12Z,LOC_0138,CASE_0220
EVT_0169,Raid/Meeting Event #169,2024-05-30T10:54:35Z,LOC_0113,CASE_0143
EVT_0170,Raid/Meeting Event #170,2026-01-13T23:14:20Z,LOC_0108,CASE_0116
EVT_0171,Raid/Meeting Event #171,2023-06-21T11:07:53Z,LOC_0038,CASE_0099
EVT_0172,Raid/Meeting Event #172,2024-05-24T01:14:08Z,LOC_0123,CASE_0178
EVT_0173,Raid/Meeting Event #173,2023-09-06T06:15:37Z,LOC_0141,CASE_0213
EVT_0174,Raid/Meeting Event #174,2023-04-14T13:51:22Z,LOC_0142,CASE_0249
EVT_0175,Raid/Meeting Event #175,2023-08-12T00:42:05Z,LOC_0031,CASE_0043
EVT_0176,Raid/Meeting Event #176,2025-02-01T00:48:22Z,LOC_0144,CASE_0160
EVT_0177,Raid/Meeting Event #177,2025-09-23T06:49:13Z,LOC_0137,CASE_0131
EVT_0178,Raid/Meeting Event #178,2024-07-24T03:55:34Z,LOC_0043,CASE_0067
EVT_0179,Raid/Meeting Event #179,2025-06-16T00:58:21Z,LOC_0150,CASE_0017
EVT_0180,Raid/Meeting Event #180,2025-08-28T03:48:57Z,LOC_0104,CASE_0007
EVT_0181,Raid/Meeting Event #181,2025-09-18T08:55:16Z,LOC_0136,CASE_0075
EVT_0182,Raid/Meeting Event #182,2023-06-05T05:18:33Z,LOC_0090,CASE_0174
EVT_0183,Raid/Meeting Event #183,2025-05-20T07:58:55Z,LOC_0086,CASE_0225
EVT_0184,Raid/Meeting Event #184,2024-07-25T12:40:26Z,LOC_0050,CASE_0120
EVT_0185,Raid/Meeting Event #185,2026-01-13T00:20:30Z,LOC_0059,CASE_0016
EVT_0186,Raid/Meeting Event #186,2026-01-01T23:27:03Z,LOC_0072,CASE_0055
EVT_0187,Raid/Meeting Event #187,2024-12-08T22:57:44Z,LOC_0107,CASE_0053
EVT_0188,Raid/Meeting Event #188,2023-07-12T14:15:29Z,LOC_0136,CASE_0083
EVT_0189,Raid/Meeting Event #189,2024-07-26T07:19:21Z,LOC_0145,CASE_0104
EVT_0190,Raid/Meeting Event #190,2025-02-06T10:21:45Z,LOC_0006,CASE_0127
EVT_0191,Raid/Meeting Event #191,2026-06-30T06:44:20Z,LOC_0032,CASE_0112
EVT_0192,Raid/Meeting Event #192,2026-03-13T05:19:44Z,LOC_0066,CASE_0066
EVT_0193,Raid/Meeting Event #193,2025-04-30T09:54:56Z,LOC_0025,CASE_0070
EVT_0194,Raid/Meeting Event #194,2026-03-10T16:07:23Z,LOC_0079,CASE_0001
EVT_0195,Raid/Meeting Event #195,2023-01-08T10:08:04Z,LOC_0016,CASE_0192
EVT_0196,Raid/Meeting Event #196,2026-02-14T14:15:42Z,LOC_0070,CASE_0010
EVT_0197,Raid/Meeting Event #197,2026-05-03T10:27:30Z,LOC_0114,CASE_0095
EVT_0198,Raid/Meeting Event #198,2024-09-29T08:59:55Z,LOC_0012,CASE_0039
EVT_0199,Raid/Meeting Event #199,2024-01-06T09:45:04Z,LOC_0032,CASE_0014
EVT_0200,Raid/Meeting Event #200,2026-02-02T17:02:54Z,LOC_0109,CASE_0080
EVT_0201,Raid/Meeting Event #201,2026-04-19T16:48:07Z,LOC_0011,CASE_0114
EVT_0202,Raid/Meeting Event #202,2026-04-09T04:22:14Z,LOC_0125,CASE_0041
EVT_0203,Raid/Meeting Event #203,2025-06-26T16:44:26Z,LOC_0106,CASE_0135
EVT_0204,Raid/Meeting Event #204,2026-02-24T10:59:00Z,LOC_0042,CASE_0046
EVT_0205,Raid/Meeting Event #205,2026-02-12T15:20:34Z,LOC_0144,CASE_0129
EVT_0206,Raid/Meeting Event #206,2025-10-24T22:49:34Z,LOC_0085,CASE_0192
EVT_0207,Raid/Meeting Event #207,2026-05-15T08:59:29Z,LOC_0079,CASE_0040
EVT_0208,Raid/Meeting Event #208,2024-12-05T09:55:12Z,LOC_0053,CASE_0191
EVT_0209,Raid/Meeting Event #209,2024-02-20T08:34:16Z,LOC_0067,CASE_0151
EVT_0210,Raid/Meeting Event #210,2026-01-09T18:46:28Z,LOC_0125,CASE_0148
EVT_0211,Raid/Meeting Event #211,2026-07-02T05:26:49Z,LOC_0039,CASE_0230
EVT_0212,Raid/Meeting Event #212,2024-08-05T06:49:22Z,LOC_0030,CASE_0205
EVT_0213,Raid/Meeting Event #213,2025-09-24T10:20:52Z,LOC_0123,CASE_0177
EVT_0214,Raid/Meeting Event #214,2023-10-30T18:37:45Z,LOC_0106,CASE_0105
EVT_0215,Raid/Meeting Event #215,2025-09-07T07:58:55Z,LOC_0083,CASE_0071
EVT_0216,Raid/Meeting Event #216,2024-11-22T20:03:15Z,LOC_0094,CASE_0131
EVT_0217,Raid/Meeting Event #217,2026-07-22T09:19:41Z,LOC_0119,CASE_0215
EVT_0218,Raid/Meeting Event #218,2025-05-20T09:12:28Z,LOC_0063,CASE_0245
EVT_0219,Raid/Meeting Event #219,2025-11-01T21:02:17Z,LOC_0124,CASE_0233
EVT_0220,Raid/Meeting Event #220,2023-04-14T23:12:42Z,LOC_0016,CASE_0215
EVT_0221,Raid/Meeting Event #221,2025-12-24T17:38:26Z,LOC_0083,CASE_0049
EVT_0222,Raid/Meeting Event #222,2025-06-30T19:47:52Z,LOC_0037,CASE_0091
EVT_0223,Raid/Meeting Event #223,2025-10-02T22:45:52Z,LOC_0015,CASE_0204
EVT_0224,Raid/Meeting Event #224,2024-10-30T05:41:12Z,LOC_0127,CASE_0118
EVT_0225,Raid/Meeting Event #225,2023-07-06T23:48:01Z,LOC_0143,CASE_0083
EVT_0226,Raid/Meeting Event #226,2023-10-30T23:36:01Z,LOC_0103,CASE_0001
EVT_0227,Raid/Meeting Event #227,2026-04-07T19:32:50Z,LOC_0028,CASE_0122
EVT_0228,Raid/Meeting Event #228,2024-03-25T16:26:19Z,LOC_0058,CASE_0180
EVT_0229,Raid/Meeting Event #229,2023-02-01T02:25:19Z,LOC_0066,CASE_0016
EVT_0230,Raid/Meeting Event #230,2023-09-03T03:24:37Z,LOC_0090,CASE_0097
EVT_0231,Raid/Meeting Event #231,2026-05-17T07:10:06Z,LOC_0016,CASE_0012
EVT_0232,Raid/Meeting Event #232,2024-03-31T23:06:43Z,LOC_0031,CASE_0052
EVT_0233,Raid/Meeting Event #233,2023-06-04T17:27:16Z,LOC_0105,CASE_0175
EVT_0234,Raid/Meeting Event #234,2024-09-08T11:29:00Z,LOC_0127,CASE_0120
EVT_0235,Raid/Meeting Event #235,2024-07-01T00:04:57Z,LOC_0038,CASE_0123
EVT_0236,Raid/Meeting Event #236,2026-04-21T02:42:01Z,LOC_0001,CASE_0113
EVT_0237,Raid/Meeting Event #237,2023-06-21T15:42:28Z,LOC_0040,CASE_0226
EVT_0238,Raid/Meeting Event #238,2024-11-26T18:11:48Z,LOC_0148,CASE_0181
EVT_0239,Raid/Meeting Event #239,2026-02-15T18:06:43Z,LOC_0120,CASE_0027
EVT_0240,Raid/Meeting Event #240,2024-11-13T02:02:06Z,LOC_0111,CASE_0055
EVT_0241,Raid/Meeting Event #241,2026-02-25T13:15:53Z,LOC_0084,CASE_0003
EVT_0242,Raid/Meeting Event #242,2024-09-29T14:07:10Z,LOC_0076,CASE_0046
EVT_0243,Raid/Meeting Event #243,2025-12-17T15:58:12Z,LOC_0118,CASE_0041
EVT_0244,Raid/Meeting Event #244,2025-06-03T15:22:28Z,LOC_0007,CASE_0177
EVT_0245,Raid/Meeting Event #245,2024-04-01T21:11:37Z,LOC_0054,CASE_0132
EVT_0246,Raid/Meeting Event #246,2025-04-30T21:53:58Z,LOC_0026,CASE_0125
EVT_0247,Raid/Meeting Event #247,2026-01-22T09:03:38Z,LOC_0105,CASE_0119
EVT_0248,Raid/Meeting Event #248,2024-09-09T17:04:00Z,LOC_0035,CASE_0239
EVT_0249,Raid/Meeting Event #249,2023-09-18T21:37:47Z,LOC_0113,CASE_0009
EVT_0250,Raid/Meeting Event #250,2023-08-12T10:37:00Z,LOC_0090,CASE_0080
EVT_0251,Raid/Meeting Event #251,2024-01-19T00:58:13Z,LOC_0019,CASE_0102
EVT_0252,Raid/Meeting Event #252,2025-09-21T17:57:49Z,LOC_0060,CASE_0148
EVT_0253,Raid/Meeting Event #253,2023-04-14T16:27:01Z,LOC_0082,CASE_0131
EVT_0254,Raid/Meeting Event #254,2024-04-24T23:37:56Z,LOC_0108,CASE_0070
EVT_0255,Raid/Meeting Event #255,2025-01-19T12:36:49Z,LOC_0033,CASE_0086
EVT_0256,Raid/Meeting Event #256,2024-10-12T04:21:57Z,LOC_0014,CASE_0212
EVT_0257,Raid/Meeting Event #257,2024-03-15T06:02:51Z,LOC_0099,CASE_0207
EVT_0258,Raid/Meeting Event #258,2024-12-27T01:40:44Z,LOC_0132,CASE_0041
EVT_0259,Raid/Meeting Event #259,2025-10-11T23:27:38Z,LOC_0012,CASE_0175
EVT_0260,Raid/Meeting Event #260,2023-11-14T03:48:01Z,LOC_0112,CASE_0159
EVT_0261,Raid/Meeting Event #261,2023-02-03T07:26:04Z,LOC_0101,CASE_0178
EVT_0262,Raid/Meeting Event #262,2023-06-16T23:52:02Z,LOC_0082,CASE_0182
EVT_0263,Raid/Meeting Event #263,2026-05-20T19:51:00Z,LOC_0090,CASE_0009
EVT_0264,Raid/Meeting Event #264,2025-10-27T03:02:20Z,LOC_0048,CASE_0101
EVT_0265,Raid/Meeting Event #265,2023-04-11T10:57:14Z,LOC_0061,CASE_0066
EVT_0266,Raid/Meeting Event #266,2023-02-15T20:16:34Z,LOC_0121,CASE_0058
EVT_0267,Raid/Meeting Event #267,2023-05-26T09:32:13Z,LOC_0035,CASE_0040
EVT_0268,Raid/Meeting Event #268,2026-05-16T19:48:17Z,LOC_0015,CASE_0209
EVT_0269,Raid/Meeting Event #269,2026-06-18T09:55:11Z,LOC_0111,CASE_0099
EVT_0270,Raid/Meeting Event #270,2024-11-13T01:04:00Z,LOC_0112,CASE_0104
EVT_0271,Raid/Meeting Event #271,2024-05-16T17:15:19Z,LOC_0074,CASE_0168
EVT_0272,Raid/Meeting Event #272,2023-01-07T14:37:24Z,LOC_0084,CASE_0060
EVT_0273,Raid/Meeting Event #273,2026-02-17T03:43:34Z,LOC_0046,CASE_0072
EVT_0274,Raid/Meeting Event #274,2023-09-01T12:53:32Z,LOC_0030,CASE_0178
EVT_0275,Raid/Meeting Event #275,2024-10-01T19:45:38Z,LOC_0145,CASE_0072
EVT_0276,Raid/Meeting Event #276,2023-12-10T16:58:16Z,LOC_0086,CASE_0058
EVT_0277,Raid/Meeting Event #277,2025-12-25T09:26:08Z,LOC_0043,CASE_0242
EVT_0278,Raid/Meeting Event #278,2025-02-16T14:56:26Z,LOC_0112,CASE_0234
EVT_0279,Raid/Meeting Event #279,2023-04-24T20:01:31Z,LOC_0120,CASE_0141
EVT_0280,Raid/Meeting Event #280,2025-10-30T20:44:11Z,LOC_0004,CASE_0094
EVT_0281,Raid/Meeting Event #281,2025-05-10T15:22:56Z,LOC_0018,CASE_0062
EVT_0282,Raid/Meeting Event #282,2025-03-17T16:40:43Z,LOC_0009,CASE_0245
EVT_0283,Raid/Meeting Event #283,2024-06-01T04:34:45Z,LOC_0116,CASE_0058
EVT_0284,Raid/Meeting Event #284,2023-10-18T04:04:12Z,LOC_0030,CASE_0058
EVT_0285,Raid/Meeting Event #285,2024-08-10T10:58:28Z,LOC_0114,CASE_0220
EVT_0286,Raid/Meeting Event #286,2025-05-16T16:50:48Z,LOC_0144,CASE_0099
EVT_0287,Raid/Meeting Event #287,2024-04-05T18:30:57Z,LOC_0092,CASE_0086
EVT_0288,Raid/Meeting Event #288,2026-07-16T17:07:45Z,LOC_0096,CASE_0035
EVT_0289,Raid/Meeting Event #289,2024-09-26T23:44:52Z,LOC_0029,CASE_0081
EVT_0290,Raid/Meeting Event #290,2023-07-05T01:57:22Z,LOC_0008,CASE_0113
EVT_0291,Raid/Meeting Event #291,2023-01-18T07:07:19Z,LOC_0090,CASE_0171
EVT_0292,Raid/Meeting Event #292,2024-07-21T14:58:11Z,LOC_0128,CASE_0003
EVT_0293,Raid/Meeting Event #293,2024-07-19T17:14:44Z,LOC_0041,CASE_0160
EVT_0294,Raid/Meeting Event #294,2024-08-03T04:24:07Z,LOC_0010,CASE_0144
EVT_0295,Raid/Meeting Event #295,2024-09-11T00:19:28Z,LOC_0137,CASE_0127
EVT_0296,Raid/Meeting Event #296,2026-05-24T09:45:33Z,LOC_0069,CASE_0075
EVT_0297,Raid/Meeting Event #297,2023-05-24T20:44:46Z,LOC_0033,CASE_0198
EVT_0298,Raid/Meeting Event #298,2023-10-24T15:11:52Z,LOC_0088,CASE_0238
EVT_0299,Raid/Meeting Event #299,2025-11-12T10:45:17Z,LOC_0150,CASE_0215
EVT_0300,Raid/Meeting Event #300,2025-12-21T07:52:55Z,LOC_0140,CASE_0151
EVT_0301,Raid/Meeting Event #301,2024-11-05T05:23:49Z,LOC_0045,CASE_0239
EVT_0302,Raid/Meeting Event #302,2024-05-08T22:32:49Z,LOC_0144,CASE_0102
EVT_0303,Raid/Meeting Event #303,2025-07-15T22:39:06Z,LOC_0039,CASE_0224
EVT_0304,Raid/Meeting Event #304,2024-09-12T02:03:43Z,LOC_0064,CASE_0081
EVT_0305,Raid/Meeting Event #305,2024-10-31T08:34:44Z,LOC_0007,CASE_0009
EVT_0306,Raid/Meeting Event #306,2024-08-17T18:38:23Z,LOC_0048,CASE_0086
EVT_0307,Raid/Meeting Event #307,2025-10-30T20:05:18Z,LOC_0089,CASE_0017
EVT_0308,Raid/Meeting Event #308,2024-07-22T21:05:33Z,LOC_0023,CASE_0124
EVT_0309,Raid/Meeting Event #309,2026-05-28T06:46:49Z,LOC_0115,CASE_0178
EVT_0310,Raid/Meeting Event #310,2024-07-18T06:15:21Z,LOC_0020,CASE_0222
EVT_0311,Raid/Meeting Event #311,2025-06-27T19:30:26Z,LOC_0052,CASE_0122
EVT_0312,Raid/Meeting Event #312,2025-03-20T07:36:36Z,LOC_0065,CASE_0151
EVT_0313,Raid/Meeting Event #313,2024-06-03T17:52:40Z,LOC_0056,CASE_0018
EVT_0314,Raid/Meeting Event #314,2026-07-21T07:11:33Z,LOC_0045,CASE_0117
EVT_0315,Raid/Meeting Event #315,2026-05-31T19:40:03Z,LOC_0051,CASE_0069
EVT_0316,Raid/Meeting Event #316,2026-04-03T17:53:16Z,LOC_0065,CASE_0207
EVT_0317,Raid/Meeting Event #317,2024-06-03T05:01:27Z,LOC_0136,CASE_0166
EVT_0318,Raid/Meeting Event #318,2023-01-31T21:41:59Z,LOC_0017,CASE_0160
EVT_0319,Raid/Meeting Event #319,2025-02-04T02:13:00Z,LOC_0109,CASE_0177
EVT_0320,Raid/Meeting Event #320,2023-09-05T18:43:31Z,LOC_0029,CASE_0051
EVT_0321,Raid/Meeting Event #321,2024-02-22T15:14:47Z,LOC_0107,CASE_0196
EVT_0322,Raid/Meeting Event #322,2023-05-19T12:51:30Z,LOC_0102,CASE_0071
EVT_0323,Raid/Meeting Event #323,2025-11-27T09:09:05Z,LOC_0097,CASE_0020
EVT_0324,Raid/Meeting Event #324,2024-05-11T20:38:04Z,LOC_0039,CASE_0241
EVT_0325,Raid/Meeting Event #325,2025-12-23T06:37:56Z,LOC_0111,CASE_0198
EVT_0326,Raid/Meeting Event #326,2024-06-05T00:06:26Z,LOC_0064,CASE_0039
EVT_0327,Raid/Meeting Event #327,2026-06-16T00:45:36Z,LOC_0037,CASE_0033
EVT_0328,Raid/Meeting Event #328,2025-11-14T19:20:09Z,LOC_0067,CASE_0232
EVT_0329,Raid/Meeting Event #329,2026-04-17T00:37:38Z,LOC_0116,CASE_0011
EVT_0330,Raid/Meeting Event #330,2026-02-25T19:42:27Z,LOC_0131,CASE_0025
EVT_0331,Raid/Meeting Event #331,2023-01-04T17:53:31Z,LOC_0028,CASE_0070
EVT_0332,Raid/Meeting Event #332,2025-03-31T06:13:00Z,LOC_0028,CASE_0043
EVT_0333,Raid/Meeting Event #333,2025-06-24T10:33:10Z,LOC_0114,CASE_0019
EVT_0334,Raid/Meeting Event #334,2025-08-14T00:39:10Z,LOC_0143,CASE_0138
EVT_0335,Raid/Meeting Event #335,2024-02-28T06:24:07Z,LOC_0012,CASE_0199
EVT_0336,Raid/Meeting Event #336,2026-07-29T00:07:12Z,LOC_0143,CASE_0154
EVT_0337,Raid/Meeting Event #337,2025-10-19T15:03:09Z,LOC_0065,CASE_0064
EVT_0338,Raid/Meeting Event #338,2024-11-26T01:40:12Z,LOC_0078,CASE_0142
EVT_0339,Raid/Meeting Event #339,2025-10-31T15:15:35Z,LOC_0031,CASE_0208
EVT_0340,Raid/Meeting Event #340,2023-07-30T21:29:37Z,LOC_0103,CASE_0132
EVT_0341,Raid/Meeting Event #341,2023-06-20T19:49:00Z,LOC_0125,CASE_0194
EVT_0342,Raid/Meeting Event #342,2025-07-23T08:34:21Z,LOC_0064,CASE_0003
EVT_0343,Raid/Meeting Event #343,2026-02-04T15:24:07Z,LOC_0004,CASE_0134
EVT_0344,Raid/Meeting Event #344,2023-01-29T03:27:47Z,LOC_0083,CASE_0132
EVT_0345,Raid/Meeting Event #345,2025-04-21T17:15:12Z,LOC_0004,CASE_0085
EVT_0346,Raid/Meeting Event #346,2025-10-13T13:13:14Z,LOC_0131,CASE_0011
EVT_0347,Raid/Meeting Event #347,2025-04-28T23:13:18Z,LOC_0031,CASE_0069
EVT_0348,Raid/Meeting Event #348,2023-01-25T23:27:54Z,LOC_0050,CASE_0056
EVT_0349,Raid/Meeting Event #349,2024-03-15T00:49:27Z,LOC_0007,CASE_0088
EVT_0350,Raid/Meeting Event #350,2023-02-21T18:40:56Z,LOC_0142,CASE_0215
EVT_0351,Raid/Meeting Event #351,2026-02-25T05:16:52Z,LOC_0029,CASE_0178
EVT_0352,Raid/Meeting Event #352,2026-01-26T03:23:45Z,LOC_0013,CASE_0087
EVT_0353,Raid/Meeting Event #353,2024-08-08T02:42:46Z,LOC_0057,CASE_0088
EVT_0354,Raid/Meeting Event #354,2025-09-23T15:33:44Z,LOC_0133,CASE_0185
EVT_0355,Raid/Meeting Event #355,2026-07-03T10:06:10Z,LOC_0111,CASE_0208
EVT_0356,Raid/Meeting Event #356,2026-05-30T21:11:19Z,LOC_0010,CASE_0163
EVT_0357,Raid/Meeting Event #357,2023-10-14T10:06:09Z,LOC_0028,CASE_0200
EVT_0358,Raid/Meeting Event #358,2024-01-02T11:29:54Z,LOC_0018,CASE_0025
EVT_0359,Raid/Meeting Event #359,2024-09-30T08:39:37Z,LOC_0107,CASE_0146
EVT_0360,Raid/Meeting Event #360,2024-04-16T09:50:04Z,LOC_0108,CASE_0006
EVT_0361,Raid/Meeting Event #361,2023-08-01T23:20:14Z,LOC_0020,CASE_0042
EVT_0362,Raid/Meeting Event #362,2024-03-27T10:48:22Z,LOC_0111,CASE_0247
EVT_0363,Raid/Meeting Event #363,2024-11-26T23:17:21Z,LOC_0109,CASE_0199
EVT_0364,Raid/Meeting Event #364,2024-02-06T05:19:49Z,LOC_0037,CASE_0130
EVT_0365,Raid/Meeting Event #365,2023-06-28T06:15:32Z,LOC_0039,CASE_0181
EVT_0366,Raid/Meeting Event #366,2025-11-30T18:22:48Z,LOC_0089,CASE_0145
EVT_0367,Raid/Meeting Event #367,2025-03-24T12:24:28Z,LOC_0049,CASE_0102
EVT_0368,Raid/Meeting Event #368,2026-04-22T12:48:11Z,LOC_0041,CASE_0014
EVT_0369,Raid/Meeting Event #369,2024-12-10T23:34:49Z,LOC_0069,CASE_0160
EVT_0370,Raid/Meeting Event #370,2025-03-02T02:09:04Z,LOC_0144,CASE_0201
EVT_0371,Raid/Meeting Event #371,2026-07-27T15:28:48Z,LOC_0068,CASE_0150
EVT_0372,Raid/Meeting Event #372,2025-12-08T06:05:56Z,LOC_0083,CASE_0154
EVT_0373,Raid/Meeting Event #373,2023-04-27T06:40:22Z,LOC_0045,CASE_0100
EVT_0374,Raid/Meeting Event #374,2023-01-07T23:46:02Z,LOC_0149,CASE_0039
EVT_0375,Raid/Meeting Event #375,2023-01-01T18:10:49Z,LOC_0063,CASE_0058
EVT_0376,Raid/Meeting Event #376,2023-05-03T18:38:11Z,LOC_0067,CASE_0191
EVT_0377,Raid/Meeting Event #377,2024-11-03T05:32:55Z,LOC_0095,CASE_0107
EVT_0378,Raid/Meeting Event #378,2025-12-02T23:34:01Z,LOC_0091,CASE_0127
EVT_0379,Raid/Meeting Event #379,2026-01-16T09:18:35Z,LOC_0031,CASE_0195
EVT_0380,Raid/Meeting Event #380,2024-10-13T18:41:38Z,LOC_0101,CASE_0091
EVT_0381,Raid/Meeting Event #381,2025-02-01T16:38:16Z,LOC_0132,CASE_0162
EVT_0382,Raid/Meeting Event #382,2023-05-30T23:41:06Z,LOC_0055,CASE_0006
EVT_0383,Raid/Meeting Event #383,2024-03-19T08:50:19Z,LOC_0148,CASE_0160
EVT_0384,Raid/Meeting Event #384,2024-06-20T12:05:16Z,LOC_0015,CASE_0078
EVT_0385,Raid/Meeting Event #385,2024-01-01T05:56:31Z,LOC_0129,CASE_0146
EVT_0386,Raid/Meeting Event #386,2025-11-15T05:11:33Z,LOC_0102,CASE_0075
EVT_0387,Raid/Meeting Event #387,2025-10-05T13:37:05Z,LOC_0026,CASE_0102
EVT_0388,Raid/Meeting Event #388,2024-02-25T11:18:36Z,LOC_0091,CASE_0011
EVT_0389,Raid/Meeting Event #389,2025-03-31T18:48:28Z,LOC_0099,CASE_0037
EVT_0390,Raid/Meeting Event #390,2026-01-29T20:46:39Z,LOC_0145,CASE_0225
EVT_0391,Raid/Meeting Event #391,2024-05-16T16:53:36Z,LOC_0049,CASE_0204
EVT_0392,Raid/Meeting Event #392,2023-07-22T05:35:41Z,LOC_0033,CASE_0217
EVT_0393,Raid/Meeting Event #393,2023-12-18T05:59:13Z,LOC_0006,CASE_0121
EVT_0394,Raid/Meeting Event #394,2023-08-18T12:28:26Z,LOC_0070,CASE_0229
EVT_0395,Raid/Meeting Event #395,2026-02-04T01:58:11Z,LOC_0142,CASE_0235
EVT_0396,Raid/Meeting Event #396,2025-01-29T22:36:12Z,LOC_0099,CASE_0066
EVT_0397,Raid/Meeting Event #397,2023-05-27T01:30:42Z,LOC_0048,CASE_0106
EVT_0398,Raid/Meeting Event #398,2023-06-03T09:11:36Z,LOC_0056,CASE_0172
EVT_0399,Raid/Meeting Event #399,2025-06-02T03:36:17Z,LOC_0094,CASE_0209
EVT_0400,Raid/Meeting Event #400,2026-07-28T13:20:47Z,LOC_0093,CASE_0126
EVT_0401,Raid/Meeting Event #401,2024-01-26T08:58:21Z,LOC_0083,CASE_0140
EVT_0402,Raid/Meeting Event #402,2024-09-08T12:02:32Z,LOC_0031,CASE_0130
EVT_0403,Raid/Meeting Event #403,2026-03-04T16:03:54Z,LOC_0004,CASE_0177
EVT_0404,Raid/Meeting Event #404,2024-05-16T15:01:57Z,LOC_0130,CASE_0052
EVT_0405,Raid/Meeting Event #405,2025-06-14T17:31:53Z,LOC_0063,CASE_0080
EVT_0406,Raid/Meeting Event #406,2023-02-26T03:16:35Z,LOC_0133,CASE_0057
EVT_0407,Raid/Meeting Event #407,2024-07-27T05:03:30Z,LOC_0070,CASE_0163
EVT_0408,Raid/Meeting Event #408,2026-06-20T22:59:15Z,LOC_0072,CASE_0216
EVT_0409,Raid/Meeting Event #409,2023-08-07T15:50:39Z,LOC_0122,CASE_0132
EVT_0410,Raid/Meeting Event #410,2025-04-03T22:46:12Z,LOC_0091,CASE_0145
EVT_0411,Raid/Meeting Event #411,2025-04-27T18:07:41Z,LOC_0131,CASE_0032
EVT_0412,Raid/Meeting Event #412,2025-07-04T18:34:11Z,LOC_0045,CASE_0004
EVT_0413,Raid/Meeting Event #413,2024-11-04T05:13:39Z,LOC_0099,CASE_0096
EVT_0414,Raid/Meeting Event #414,2024-08-14T16:37:35Z,LOC_0051,CASE_0046
EVT_0415,Raid/Meeting Event #415,2024-07-29T11:35:50Z,LOC_0107,CASE_0208
EVT_0416,Raid/Meeting Event #416,2023-08-09T16:48:55Z,LOC_0118,CASE_0112
EVT_0417,Raid/Meeting Event #417,2025-12-05T07:09:08Z,LOC_0042,CASE_0036
EVT_0418,Raid/Meeting Event #418,2024-01-08T19:34:32Z,LOC_0107,CASE_0138
EVT_0419,Raid/Meeting Event #419,2024-01-02T13:05:25Z,LOC_0022,CASE_0207
EVT_0420,Raid/Meeting Event #420,2023-09-28T07:49:53Z,LOC_0121,CASE_0088
EVT_0421,Raid/Meeting Event #421,2023-12-25T08:58:05Z,LOC_0066,CASE_0032
EVT_0422,Raid/Meeting Event #422,2025-04-07T02:10:50Z,LOC_0053,CASE_0157
EVT_0423,Raid/Meeting Event #423,2026-02-22T19:40:27Z,LOC_0089,CASE_0248
EVT_0424,Raid/Meeting Event #424,2024-06-10T22:49:51Z,LOC_0121,CASE_0214
EVT_0425,Raid/Meeting Event #425,2025-05-21T12:28:44Z,LOC_0009,CASE_0042
EVT_0426,Raid/Meeting Event #426,2026-05-02T00:11:17Z,LOC_0035,CASE_0229
EVT_0427,Raid/Meeting Event #427,2025-03-09T08:23:47Z,LOC_0005,CASE_0023
EVT_0428,Raid/Meeting Event #428,2024-12-06T19:24:17Z,LOC_0128,CASE_0021
EVT_0429,Raid/Meeting Event #429,2025-11-19T03:34:51Z,LOC_0007,CASE_0108
EVT_0430,Raid/Meeting Event #430,2023-07-21T20:40:08Z,LOC_0145,CASE_0076
EVT_0431,Raid/Meeting Event #431,2024-07-17T16:12:08Z,LOC_0005,CASE_0035
EVT_0432,Raid/Meeting Event #432,2026-03-09T09:01:39Z,LOC_0099,CASE_0170
EVT_0433,Raid/Meeting Event #433,2026-03-24T03:13:11Z,LOC_0147,CASE_0074
EVT_0434,Raid/Meeting Event #434,2024-02-20T11:29:40Z,LOC_0117,CASE_0058
EVT_0435,Raid/Meeting Event #435,2026-04-21T22:36:34Z,LOC_0094,CASE_0171
EVT_0436,Raid/Meeting Event #436,2023-11-28T17:36:44Z,LOC_0072,CASE_0025
EVT_0437,Raid/Meeting Event #437,2026-07-27T05:55:54Z,LOC_0073,CASE_0179
EVT_0438,Raid/Meeting Event #438,2024-01-19T05:57:26Z,LOC_0019,CASE_0008
EVT_0439,Raid/Meeting Event #439,2026-02-28T04:27:29Z,LOC_0056,CASE_0048
EVT_0440,Raid/Meeting Event #440,2024-01-06T05:42:43Z,LOC_0032,CASE_0212
EVT_0441,Raid/Meeting Event #441,2025-04-01T03:11:31Z,LOC_0111,CASE_0215
EVT_0442,Raid/Meeting Event #442,2025-10-26T21:40:34Z,LOC_0110,CASE_0248
EVT_0443,Raid/Meeting Event #443,2024-12-29T00:55:17Z,LOC_0147,CASE_0164
EVT_0444,Raid/Meeting Event #444,2023-03-19T13:47:40Z,LOC_0109,CASE_0109
EVT_0445,Raid/Meeting Event #445,2025-09-20T18:54:14Z,LOC_0125,CASE_0246
EVT_0446,Raid/Meeting Event #446,2026-03-02T20:02:26Z,LOC_0066,CASE_0121
EVT_0447,Raid/Meeting Event #447,2025-01-18T20:53:07Z,LOC_0035,CASE_0193
EVT_0448,Raid/Meeting Event #448,2023-03-22T09:00:35Z,LOC_0025,CASE_0021
EVT_0449,Raid/Meeting Event #449,2025-10-25T04:12:31Z,LOC_0016,CASE_0076
EVT_0450,Raid/Meeting Event #450,2023-01-03T09:17:46Z,LOC_0142,CASE_0059
EVT_0451,Raid/Meeting Event #451,2025-03-02T03:57:49Z,LOC_0065,CASE_0064
EVT_0452,Raid/Meeting Event #452,2026-02-26T03:48:25Z,LOC_0120,CASE_0217
EVT_0453,Raid/Meeting Event #453,2025-05-16T12:37:50Z,LOC_0045,CASE_0101
EVT_0454,Raid/Meeting Event #454,2023-01-28T17:15:36Z,LOC_0022,CASE_0165
EVT_0455,Raid/Meeting Event #455,2025-04-28T13:56:38Z,LOC_0115,CASE_0121
EVT_0456,Raid/Meeting Event #456,2026-01-10T09:15:11Z,LOC_0122,CASE_0202
EVT_0457,Raid/Meeting Event #457,2025-08-22T11:48:30Z,LOC_0089,CASE_0165
EVT_0458,Raid/Meeting Event #458,2023-12-11T09:09:20Z,LOC_0049,CASE_0222
EVT_0459,Raid/Meeting Event #459,2026-03-06T09:14:52Z,LOC_0073,CASE_0037
EVT_0460,Raid/Meeting Event #460,2023-07-26T23:56:19Z,LOC_0084,CASE_0055
EVT_0461,Raid/Meeting Event #461,2025-07-07T19:42:22Z,LOC_0058,CASE_0241
EVT_0462,Raid/Meeting Event #462,2025-08-14T20:51:00Z,LOC_0034,CASE_0035
EVT_0463,Raid/Meeting Event #463,2024-02-14T14:37:01Z,LOC_0033,CASE_0093
EVT_0464,Raid/Meeting Event #464,2026-04-02T02:33:11Z,LOC_0127,CASE_0123
EVT_0465,Raid/Meeting Event #465,2024-12-01T14:56:53Z,LOC_0047,CASE_0117
EVT_0466,Raid/Meeting Event #466,2024-12-09T15:54:45Z,LOC_0065,CASE_0093
EVT_0467,Raid/Meeting Event #467,2024-11-23T16:24:17Z,LOC_0087,CASE_0013
EVT_0468,Raid/Meeting Event #468,2023-09-14T02:15:31Z,LOC_0028,CASE_0169
EVT_0469,Raid/Meeting Event #469,2026-06-03T18:52:50Z,LOC_0134,CASE_0135
EVT_0470,Raid/Meeting Event #470,2024-06-18T19:30:00Z,LOC_0048,CASE_0024
EVT_0471,Raid/Meeting Event #471,2023-06-05T01:05:37Z,LOC_0073,CASE_0135
EVT_0472,Raid/Meeting Event #472,2024-04-25T00:47:49Z,LOC_0111,CASE_0009
EVT_0473,Raid/Meeting Event #473,2023-12-20T01:23:58Z,LOC_0097,CASE_0049
EVT_0474,Raid/Meeting Event #474,2025-04-05T06:14:31Z,LOC_0059,CASE_0150
EVT_0475,Raid/Meeting Event #475,2026-07-08T20:41:40Z,LOC_0102,CASE_0183
EVT_0476,Raid/Meeting Event #476,2026-04-04T17:24:44Z,LOC_0137,CASE_0126
EVT_0477,Raid/Meeting Event #477,2025-04-21T23:58:20Z,LOC_0130,CASE_0224
EVT_0478,Raid/Meeting Event #478,2024-04-07T12:16:18Z,LOC_0046,CASE_0208
EVT_0479,Raid/Meeting Event #479,2026-05-02T13:05:34Z,LOC_0005,CASE_0195
EVT_0480,Raid/Meeting Event #480,2026-03-08T02:24:31Z,LOC_0074,CASE_0119
EVT_0481,Raid/Meeting Event #481,2024-05-29T12:59:10Z,LOC_0144,CASE_0064
EVT_0482,Raid/Meeting Event #482,2024-07-26T10:54:26Z,LOC_0129,CASE_0203
EVT_0483,Raid/Meeting Event #483,2025-07-11T20:07:21Z,LOC_0080,CASE_0115
EVT_0484,Raid/Meeting Event #484,2026-03-15T11:01:49Z,LOC_0122,CASE_0015
EVT_0485,Raid/Meeting Event #485,2024-08-18T11:09:33Z,LOC_0148,CASE_0180
EVT_0486,Raid/Meeting Event #486,2026-01-27T00:03:21Z,LOC_0063,CASE_0175
EVT_0487,Raid/Meeting Event #487,2025-07-05T03:12:59Z,LOC_0046,CASE_0135
EVT_0488,Raid/Meeting Event #488,2024-06-12T16:32:05Z,LOC_0062,CASE_0034
EVT_0489,Raid/Meeting Event #489,2025-09-29T07:19:20Z,LOC_0014,CASE_0039
EVT_0490,Raid/Meeting Event #490,2024-05-07T19:17:05Z,LOC_0080,CASE_0105
EVT_0491,Raid/Meeting Event #491,2023-05-07T03:52:12Z,LOC_0108,CASE_0183
EVT_0492,Raid/Meeting Event #492,2025-10-30T07:08:00Z,LOC_0122,CASE_0152
EVT_0493,Raid/Meeting Event #493,2024-03-26T04:56:32Z,LOC_0106,CASE_0192
EVT_0494,Raid/Meeting Event #494,2024-11-22T10:44:14Z,LOC_0116,CASE_0135
EVT_0495,Raid/Meeting Event #495,2025-10-29T06:35:15Z,LOC_0018,CASE_0134
EVT_0496,Raid/Meeting Event #496,2026-03-29T06:46:00Z,LOC_0146,CASE_0133
EVT_0497,Raid/Meeting Event #497,2026-05-08T04:15:54Z,LOC_0112,CASE_0056
EVT_0498,Raid/Meeting Event #498,2026-01-19T17:17:46Z,LOC_0107,CASE_0192
EVT_0499,Raid/Meeting Event #499,2023-05-02T20:02:00Z,LOC_0058,CASE_0223
EVT_0500,Raid/Meeting Event #500,2025-06-10T23:24:07Z,LOC_0084,CASE_0159
EVT_0501,Raid/Meeting Event #501,2026-01-21T09:05:29Z,LOC_0075,CASE_0200
EVT_0502,Raid/Meeting Event #502,2025-09-16T21:02:48Z,LOC_0084,CASE_0202
EVT_0503,Raid/Meeting Event #503,2025-06-28T23:17:09Z,LOC_0035,CASE_0181
EVT_0504,Raid/Meeting Event #504,2023-04-11T10:04:19Z,LOC_0030,CASE_0183
EVT_0505,Raid/Meeting Event #505,2025-05-20T08:34:19Z,LOC_0086,CASE_0192
EVT_0506,Raid/Meeting Event #506,2024-11-11T18:18:24Z,LOC_0045,CASE_0059
EVT_0507,Raid/Meeting Event #507,2025-09-09T15:26:27Z,LOC_0086,CASE_0247
EVT_0508,Raid/Meeting Event #508,2025-09-06T05:41:42Z,LOC_0014,CASE_0023
EVT_0509,Raid/Meeting Event #509,2025-08-19T05:31:14Z,LOC_0072,CASE_0118
EVT_0510,Raid/Meeting Event #510,2023-11-29T01:42:22Z,LOC_0127,CASE_0125
EVT_0511,Raid/Meeting Event #511,2025-06-05T22:27:29Z,LOC_0109,CASE_0036
EVT_0512,Raid/Meeting Event #512,2024-09-14T23:25:17Z,LOC_0051,CASE_0130
EVT_0513,Raid/Meeting Event #513,2026-04-29T16:45:06Z,LOC_0150,CASE_0098
EVT_0514,Raid/Meeting Event #514,2026-07-14T08:12:23Z,LOC_0091,CASE_0075
EVT_0515,Raid/Meeting Event #515,2026-04-04T14:43:43Z,LOC_0145,CASE_0242
EVT_0516,Raid/Meeting Event #516,2025-08-24T16:21:33Z,LOC_0127,CASE_0174
EVT_0517,Raid/Meeting Event #517,2024-12-22T23:44:53Z,LOC_0146,CASE_0022
EVT_0518,Raid/Meeting Event #518,2026-01-04T20:09:18Z,LOC_0123,CASE_0142
EVT_0519,Raid/Meeting Event #519,2025-09-01T01:54:02Z,LOC_0040,CASE_0208
EVT_0520,Raid/Meeting Event #520,2026-05-18T21:33:58Z,LOC_0035,CASE_0006
EVT_0521,Raid/Meeting Event #521,2023-03-10T08:09:28Z,LOC_0141,CASE_0184
EVT_0522,Raid/Meeting Event #522,2025-09-28T16:03:07Z,LOC_0032,CASE_0006
EVT_0523,Raid/Meeting Event #523,2026-05-10T15:50:20Z,LOC_0008,CASE_0025
EVT_0524,Raid/Meeting Event #524,2026-02-27T04:59:51Z,LOC_0066,CASE_0046
EVT_0525,Raid/Meeting Event #525,2025-02-22T21:12:52Z,LOC_0105,CASE_0171
EVT_0526,Raid/Meeting Event #526,2024-10-08T13:41:27Z,LOC_0015,CASE_0102
EVT_0527,Raid/Meeting Event #527,2023-10-11T01:05:20Z,LOC_0082,CASE_0022
EVT_0528,Raid/Meeting Event #528,2024-05-14T22:00:09Z,LOC_0126,CASE_0083
EVT_0529,Raid/Meeting Event #529,2025-06-29T14:07:46Z,LOC_0088,CASE_0028
EVT_0530,Raid/Meeting Event #530,2024-01-29T13:52:30Z,LOC_0150,CASE_0197
EVT_0531,Raid/Meeting Event #531,2026-03-18T11:19:38Z,LOC_0011,CASE_0145
EVT_0532,Raid/Meeting Event #532,2025-12-22T07:13:36Z,LOC_0102,CASE_0114
EVT_0533,Raid/Meeting Event #533,2023-06-02T11:28:53Z,LOC_0004,CASE_0170
EVT_0534,Raid/Meeting Event #534,2025-03-05T04:54:12Z,LOC_0003,CASE_0001
EVT_0535,Raid/Meeting Event #535,2026-01-12T21:00:13Z,LOC_0068,CASE_0162
EVT_0536,Raid/Meeting Event #536,2024-07-02T10:12:03Z,LOC_0132,CASE_0178
EVT_0537,Raid/Meeting Event #537,2025-01-21T11:24:45Z,LOC_0047,CASE_0070
EVT_0538,Raid/Meeting Event #538,2023-09-01T07:27:44Z,LOC_0045,CASE_0124
EVT_0539,Raid/Meeting Event #539,2025-11-12T01:42:12Z,LOC_0076,CASE_0225
EVT_0540,Raid/Meeting Event #540,2026-01-24T13:30:22Z,LOC_0101,CASE_0109
EVT_0541,Raid/Meeting Event #541,2024-06-27T00:57:01Z,LOC_0033,CASE_0159
EVT_0542,Raid/Meeting Event #542,2024-04-07T00:17:08Z,LOC_0133,CASE_0051
EVT_0543,Raid/Meeting Event #543,2023-03-11T17:00:52Z,LOC_0089,CASE_0030
EVT_0544,Raid/Meeting Event #544,2024-12-10T08:42:24Z,LOC_0032,CASE_0151
EVT_0545,Raid/Meeting Event #545,2024-12-22T23:05:01Z,LOC_0040,CASE_0191
EVT_0546,Raid/Meeting Event #546,2024-05-30T13:39:32Z,LOC_0017,CASE_0047
EVT_0547,Raid/Meeting Event #547,2025-10-10T16:15:47Z,LOC_0056,CASE_0222
EVT_0548,Raid/Meeting Event #548,2024-02-02T17:04:58Z,LOC_0053,CASE_0195
EVT_0549,Raid/Meeting Event #549,2024-01-01T02:00:48Z,LOC_0084,CASE_0060
EVT_0550,Raid/Meeting Event #550,2024-11-02T02:51:04Z,LOC_0119,CASE_0096
EVT_0551,Raid/Meeting Event #551,2025-11-15T08:57:29Z,LOC_0115,CASE_0175
EVT_0552,Raid/Meeting Event #552,2025-01-21T23:07:33Z,LOC_0128,CASE_0114
EVT_0553,Raid/Meeting Event #553,2023-11-27T09:07:53Z,LOC_0065,CASE_0232
EVT_0554,Raid/Meeting Event #554,2026-01-26T20:59:50Z,LOC_0034,CASE_0100
EVT_0555,Raid/Meeting Event #555,2026-05-26T11:04:17Z,LOC_0086,CASE_0137
EVT_0556,Raid/Meeting Event #556,2025-01-18T22:13:56Z,LOC_0083,CASE_0013
EVT_0557,Raid/Meeting Event #557,2023-11-18T06:41:50Z,LOC_0018,CASE_0003
EVT_0558,Raid/Meeting Event #558,2024-04-10T08:16:31Z,LOC_0113,CASE_0154
EVT_0559,Raid/Meeting Event #559,2023-05-24T03:36:42Z,LOC_0066,CASE_0001
EVT_0560,Raid/Meeting Event #560,2024-12-31T14:30:58Z,LOC_0123,CASE_0020
EVT_0561,Raid/Meeting Event #561,2025-09-04T23:15:24Z,LOC_0047,CASE_0223
EVT_0562,Raid/Meeting Event #562,2025-03-03T06:21:05Z,LOC_0008,CASE_0245
EVT_0563,Raid/Meeting Event #563,2026-05-09T20:57:47Z,LOC_0106,CASE_0022
EVT_0564,Raid/Meeting Event #564,2025-10-22T20:04:39Z,LOC_0148,CASE_0153
EVT_0565,Raid/Meeting Event #565,2023-02-24T17:29:05Z,LOC_0124,CASE_0216
EVT_0566,Raid/Meeting Event #566,2024-02-15T10:06:23Z,LOC_0101,CASE_0101
EVT_0567,Raid/Meeting Event #567,2026-01-04T19:29:03Z,LOC_0106,CASE_0155
EVT_0568,Raid/Meeting Event #568,2026-03-31T04:40:09Z,LOC_0128,CASE_0214
EVT_0569,Raid/Meeting Event #569,2025-11-04T11:42:47Z,LOC_0070,CASE_0122
EVT_0570,Raid/Meeting Event #570,2023-08-24T10:36:07Z,LOC_0024,CASE_0118
EVT_0571,Raid/Meeting Event #571,2023-07-05T22:59:58Z,LOC_0044,CASE_0075
EVT_0572,Raid/Meeting Event #572,2026-04-08T02:50:59Z,LOC_0059,CASE_0095
EVT_0573,Raid/Meeting Event #573,2024-08-28T22:03:03Z,LOC_0109,CASE_0129
EVT_0574,Raid/Meeting Event #574,2025-10-16T17:37:01Z,LOC_0063,CASE_0201
EVT_0575,Raid/Meeting Event #575,2026-02-16T07:41:42Z,LOC_0013,CASE_0056
EVT_0576,Raid/Meeting Event #576,2023-08-27T16:05:37Z,LOC_0090,CASE_0194
EVT_0577,Raid/Meeting Event #577,2023-11-03T09:06:14Z,LOC_0100,CASE_0239
EVT_0578,Raid/Meeting Event #578,2025-06-08T20:20:16Z,LOC_0096,CASE_0184
EVT_0579,Raid/Meeting Event #579,2023-08-13T07:55:08Z,LOC_0093,CASE_0084
EVT_0580,Raid/Meeting Event #580,2025-04-06T11:06:09Z,LOC_0115,CASE_0187
EVT_0581,Raid/Meeting Event #581,2026-02-17T05:20:48Z,LOC_0098,CASE_0126
EVT_0582,Raid/Meeting Event #582,2023-11-18T09:03:23Z,LOC_0082,CASE_0187
EVT_0583,Raid/Meeting Event #583,2023-01-17T08:12:51Z,LOC_0122,CASE_0249
EVT_0584,Raid/Meeting Event #584,2025-05-20T07:06:44Z,LOC_0024,CASE_0192
EVT_0585,Raid/Meeting Event #585,2023-03-28T00:58:58Z,LOC_0128,CASE_0046
EVT_0586,Raid/Meeting Event #586,2025-03-22T19:38:18Z,LOC_0058,CASE_0168
EVT_0587,Raid/Meeting Event #587,2025-07-13T21:38:26Z,LOC_0077,CASE_0208
EVT_0588,Raid/Meeting Event #588,2024-12-17T12:42:34Z,LOC_0099,CASE_0069
EVT_0589,Raid/Meeting Event #589,2026-02-01T20:04:15Z,LOC_0107,CASE_0192
EVT_0590,Raid/Meeting Event #590,2025-11-19T21:39:51Z,LOC_0019,CASE_0047
EVT_0591,Raid/Meeting Event #591,2025-11-22T03:11:29Z,LOC_0097,CASE_0023
EVT_0592,Raid/Meeting Event #592,2024-02-09T08:59:20Z,LOC_0053,CASE_0169
EVT_0593,Raid/Meeting Event #593,2024-09-20T23:09:33Z,LOC_0061,CASE_0028
EVT_0594,Raid/Meeting Event #594,2026-04-12T14:33:43Z,LOC_0147,CASE_0102
EVT_0595,Raid/Meeting Event #595,2023-10-01T11:47:42Z,LOC_0113,CASE_0086
EVT_0596,Raid/Meeting Event #596,2024-09-04T18:38:16Z,LOC_0077,CASE_0066
EVT_0597,Raid/Meeting Event #597,2023-12-13T08:44:36Z,LOC_0149,CASE_0223
EVT_0598,Raid/Meeting Event #598,2026-03-29T19:24:52Z,LOC_0010,CASE_0150
EVT_0599,Raid/Meeting Event #599,2024-05-09T13:26:41Z,LOC_0017,CASE_0162
EVT_0600,Raid/Meeting Event #600,2025-07-29T01:50:19Z,LOC_0087,CASE_0101
