person_id,account_id,account_role
PER_0001,ACC_0909,Benami
PER_0002,ACC_0787,Primary
PER_0003,ACC_0178,Primary
PER_0004,ACC_0960,Primary
PER_0005,ACC_0604,Primary
PER_0006,ACC_0741,Primary
PER_0006,ACC_0697,Primary
PER_0007,ACC_0861,Primary
PER_0008,ACC_0274,Primary
PER_0009,ACC_0451,Primary
PER_0010,ACC_0923,Primary
PER_0011,ACC_0311,Primary
PER_0012,ACC_0966,Primary
PER_0013,ACC_0074,Primary
PER_0014,ACC_0648,Primary
PER_0014,ACC_0559,Primary
PER_0015,ACC_0114,Benami
PER_0015,ACC_1131,Primary
PER_0016,ACC_1190,Primary
PER_0016,ACC_0662,Benami
PER_0017,ACC_0862,Primary
PER_0017,ACC_1017,Benami
PER_0018,ACC_1116,Primary
PER_0019,ACC_0927,Primary
PER_0020,ACC_1054,Primary
PER_0020,ACC_0136,Benami
PER_0021,ACC_0119,Primary
PER_0021,ACC_1143,Primary
PER_0022,ACC_0344,Primary
PER_0022,ACC_0830,Benami
PER_0023,ACC_1128,Primary
PER_0023,ACC_1049,Benami
PER_0024,ACC_0319,Primary
PER_0025,ACC_0817,Benami
PER_0025,ACC_0163,Primary
PER_0026,ACC_0370,Benami
PER_0027,ACC_0684,Primary
PER_0028,ACC_0317,Primary
PER_0029,ACC_0202,Primary
PER_0029,ACC_1047,Primary
PER_0030,ACC_1001,Benami
PER_0031,ACC_0795,Primary
PER_0031,ACC_0076,Benami
PER_0032,ACC_0450,Primary
PER_0033,ACC_1137,Benami
PER_0034,ACC_0459,Benami
PER_0035,ACC_0623,Primary
PER_0035,ACC_0931,Benami
PER_0036,ACC_0091,Primary
PER_0036,ACC_0862,Primary
PER_0037,ACC_1063,Primary
PER_0037,ACC_0462,Benami
PER_0038,ACC_0914,Primary
PER_0038,ACC_0028,Primary
PER_0039,ACC_0350,Primary
PER_0040,ACC_0206,Primary
PER_0041,ACC_0088,Primary
PER_0041,ACC_0652,Primary
PER_0042,ACC_0261,Primary
PER_0042,ACC_0192,Primary
PER_0043,ACC_1058,Benami
PER_0044,ACC_0540,Primary
PER_0044,ACC_0092,Primary
PER_0045,ACC_0215,Primary
PER_0046,ACC_0131,Primary
PER_0046,ACC_0632,Primary
PER_0047,ACC_0313,Primary
PER_0048,ACC_0101,Primary
PER_0048,ACC_0407,Primary
PER_0049,ACC_0665,Primary
PER_0050,ACC_1094,Primary
PER_0050,ACC_0153,Primary
PER_0051,ACC_0923,Primary
PER_0051,ACC_0915,Primary
PER_0052,ACC_0476,Primary
PER_0053,ACC_0547,Primary
PER_0053,ACC_0732,Benami
PER_0054,ACC_0969,Primary
PER_0054,ACC_1177,Benami
PER_0055,ACC_0867,Primary
PER_0056,ACC_0611,Benami
PER_0056,ACC_0045,Benami
PER_0057,ACC_0654,Primary
PER_0058,ACC_1037,Primary
PER_0058,ACC_0427,Primary
PER_0059,ACC_0750,Primary
PER_0059,ACC_0928,Benami
PER_0060,ACC_0900,Benami
PER_0061,ACC_1146,Primary
PER_0061,ACC_0427,Benami
PER_0062,ACC_0679,Primary
PER_0063,ACC_0336,Benami
PER_0063,ACC_0465,Primary
PER_0064,ACC_0764,Primary
PER_0064,ACC_0142,Primary
PER_0065,ACC_1101,Primary
PER_0065,ACC_0507,Primary
PER_0066,ACC_0956,Primary
PER_0067,ACC_0598,Primary
PER_0067,ACC_0788,Primary
PER_0068,ACC_0362,Primary
PER_0068,ACC_0251,Primary
PER_0069,ACC_1116,Primary
PER_0069,ACC_0581,Primary
PER_0070,ACC_0549,Primary
PER_0070,ACC_0236,Primary
PER_0071,ACC_0027,Primary
PER_0071,ACC_0331,Benami
PER_0072,ACC_0829,Primary
PER_0073,ACC_0588,Primary
PER_0074,ACC_0467,Primary
PER_0075,ACC_0561,Primary
PER_0075,ACC_0983,Primary
PER_0076,ACC_1152,Primary
PER_0076,ACC_0417,Primary
PER_0077,ACC_0053,Primary
PER_0077,ACC_0264,Primary
PER_0078,ACC_1098,Primary
PER_0079,ACC_0413,Primary
PER_0080,ACC_0311,Primary
PER_0081,ACC_0061,Primary
PER_0081,ACC_1178,Primary
PER_0082,ACC_0239,Primary
PER_0083,ACC_0852,Primary
PER_0084,ACC_0253,Primary
PER_0084,ACC_0774,Primary
PER_0085,ACC_0004,Benami
PER_0086,ACC_0808,Benami
PER_0086,ACC_0493,Primary
PER_0087,ACC_0276,Primary
PER_0088,ACC_0274,Primary
PER_0089,ACC_0551,Primary
PER_0090,ACC_0149,Primary
PER_0091,ACC_0897,Primary
PER_0092,ACC_0863,Primary
PER_0093,ACC_0193,Primary
PER_0094,ACC_0148,Benami
PER_0094,ACC_0671,Primary
PER_0095,ACC_0247,Benami
PER_0095,ACC_0562,Primary
PER_0096,ACC_0503,Primary
PER_0097,ACC_0129,Primary
PER_0097,ACC_0938,Primary
PER_0098,ACC_0890,Benami
PER_0098,ACC_0630,Primary
PER_0099,ACC_0226,Primary
PER_0100,ACC_1003,Primary
PER_0101,ACC_0447,Primary
PER_0101,ACC_0137,Primary
PER_0102,ACC_0782,Primary
PER_0102,ACC_0686,Primary
PER_0103,ACC_0996,Primary
PER_0104,ACC_0539,Benami
PER_0104,ACC_0190,Benami
PER_0105,ACC_1122,Primary
PER_0106,ACC_0686,Primary
PER_0107,ACC_0556,Primary
PER_0108,ACC_1126,Primary
PER_0108,ACC_0818,Benami
PER_0109,ACC_1173,Benami
PER_0110,ACC_0494,Benami
PER_0110,ACC_0479,Primary
PER_0111,ACC_0775,Primary
PER_0111,ACC_0172,Primary
PER_0112,ACC_0305,Primary
PER_0113,ACC_0534,Primary
PER_0114,ACC_1078,Primary
PER_0114,ACC_1059,Primary
PER_0115,ACC_0131,Benami
PER_0116,ACC_0593,Benami
PER_0117,ACC_0585,Primary
PER_0117,ACC_0500,Primary
PER_0118,ACC_0195,Benami
PER_0118,ACC_1053,Primary
PER_0119,ACC_1029,Benami
PER_0119,ACC_0106,Primary
PER_0120,ACC_0499,Primary
PER_0120,ACC_0176,Primary
PER_0121,ACC_0189,Benami
PER_0121,ACC_0133,Primary
PER_0122,ACC_0350,Primary
PER_0122,ACC_0213,Benami
PER_0123,ACC_1124,Primary
PER_0124,ACC_0831,Primary
PER_0125,ACC_0867,Benami
PER_0125,ACC_0617,Primary
PER_0126,ACC_0833,Primary
PER_0127,ACC_0293,Primary
PER_0128,ACC_0501,Primary
PER_0129,ACC_0763,Primary
PER_0130,ACC_0402,Benami
PER_0131,ACC_0109,Benami
PER_0132,ACC_0379,Primary
PER_0133,ACC_0687,Primary
PER_0133,ACC_0039,Primary
PER_0134,ACC_0345,Benami
PER_0135,ACC_0197,Benami
PER_0136,ACC_0056,Primary
PER_0137,ACC_0076,Primary
PER_0137,ACC_0212,Benami
PER_0138,ACC_0040,Benami
PER_0139,ACC_0870,Benami
PER_0139,ACC_0512,Primary
PER_0140,ACC_0264,Benami
PER_0141,ACC_0570,Benami
PER_0142,ACC_0476,Benami
PER_0142,ACC_0268,Benami
PER_0143,ACC_0774,Primary
PER_0143,ACC_0287,Benami
PER_0144,ACC_0155,Benami
PER_0145,ACC_0525,Primary
PER_0146,ACC_0458,Primary
PER_0147,ACC_0467,Primary
PER_0148,ACC_0372,Primary
PER_0148,ACC_1059,Primary
PER_0149,ACC_0325,Benami
PER_0150,ACC_0688,Primary
PER_0150,ACC_0844,Primary
PER_0151,ACC_0624,Benami
PER_0152,ACC_0612,Primary
PER_0152,ACC_0611,Primary
PER_0153,ACC_0355,Benami
PER_0154,ACC_0880,Benami
PER_0154,ACC_0396,Primary
PER_0155,ACC_0507,Primary
PER_0155,ACC_0896,Primary
PER_0156,ACC_0497,Primary
PER_0156,ACC_0567,Primary
PER_0157,ACC_0364,Primary
PER_0157,ACC_0967,Primary
PER_0158,ACC_0686,Primary
PER_0159,ACC_0828,Primary
PER_0159,ACC_0760,Primary
PER_0160,ACC_0548,Primary
PER_0161,ACC_0323,Primary
PER_0161,ACC_0758,Primary
PER_0162,ACC_0854,Primary
PER_0163,ACC_0546,Primary
PER_0164,ACC_0449,Primary
PER_0164,ACC_0511,Primary
PER_0165,ACC_0327,Primary
PER_0165,ACC_0591,Primary
PER_0166,ACC_0807,Primary
PER_0166,ACC_0890,Primary
PER_0167,ACC_0427,Primary
PER_0167,ACC_1150,Primary
PER_0168,ACC_0261,Primary
PER_0168,ACC_1181,Primary
PER_0169,ACC_0316,Benami
PER_0170,ACC_1012,Benami
PER_0170,ACC_0309,Primary
PER_0171,ACC_0321,Primary
PER_0172,ACC_0403,Primary
PER_0172,ACC_1121,Primary
PER_0173,ACC_0587,Primary
PER_0174,ACC_1025,Benami
PER_0174,ACC_0879,Primary
PER_0175,ACC_0208,Primary
PER_0175,ACC_0806,Benami
PER_0176,ACC_0485,Primary
PER_0176,ACC_1119,Benami
PER_0177,ACC_0726,Primary
PER_0178,ACC_0208,Primary
PER_0179,ACC_0946,Benami
PER_0180,ACC_0048,Primary
PER_0181,ACC_0971,Benami
PER_0182,ACC_0966,Primary
PER_0183,ACC_0196,Benami
PER_0184,ACC_0988,Primary
PER_0184,ACC_1135,Benami
PER_0185,ACC_0792,Primary
PER_0186,ACC_0242,Benami
PER_0187,ACC_0585,Primary
PER_0188,ACC_0610,Primary
PER_0189,ACC_0813,Primary
PER_0189,ACC_0377,Benami
PER_0190,ACC_1185,Primary
PER_0191,ACC_0796,Primary
PER_0192,ACC_0706,Benami
PER_0192,ACC_0831,Primary
PER_0193,ACC_0943,Benami
PER_0194,ACC_0024,Primary
PER_0194,ACC_0441,Primary
PER_0195,ACC_0225,Benami
PER_0196,ACC_0785,Primary
PER_0196,ACC_0599,Benami
PER_0197,ACC_0925,Primary
PER_0197,ACC_0053,Primary
PER_0198,ACC_0448,Primary
PER_0199,ACC_0068,Benami
PER_0200,ACC_0221,Primary
PER_0200,ACC_0348,Primary
PER_0201,ACC_0233,Primary
PER_0202,ACC_1163,Primary
PER_0203,ACC_0167,Benami
PER_0204,ACC_0558,Primary
PER_0205,ACC_0976,Primary
PER_0206,ACC_0988,Primary
PER_0206,ACC_0421,Benami
PER_0207,ACC_0577,Benami
PER_0208,ACC_0182,Primary
PER_0208,ACC_0128,Primary
PER_0209,ACC_0444,Benami
PER_0209,ACC_0078,Benami
PER_0210,ACC_0213,Primary
PER_0211,ACC_1185,Primary
PER_0211,ACC_0171,Benami
PER_0212,ACC_0331,Benami
PER_0212,ACC_0080,Primary
PER_0213,ACC_0855,Primary
PER_0213,ACC_0244,Primary
PER_0214,ACC_0149,Primary
PER_0215,ACC_0505,Benami
PER_0216,ACC_0411,Benami
PER_0217,ACC_0620,Benami
PER_0217,ACC_1134,Benami
PER_0218,ACC_0430,Primary
PER_0219,ACC_0872,Benami
PER_0220,ACC_1159,Primary
PER_0220,ACC_0197,Primary
PER_0221,ACC_0421,Primary
PER_0222,ACC_0121,Primary
PER_0222,ACC_0164,Primary
PER_0223,ACC_1015,Benami
PER_0224,ACC_0201,Primary
PER_0225,ACC_0034,Primary
PER_0225,ACC_0278,Primary
PER_0226,ACC_0331,Primary
PER_0227,ACC_0593,Benami
PER_0228,ACC_1093,Primary
PER_0229,ACC_0650,Primary
PER_0229,ACC_0280,Primary
PER_0230,ACC_0437,Primary
PER_0231,ACC_1045,Primary
PER_0231,ACC_0755,Benami
PER_0232,ACC_0385,Benami
PER_0232,ACC_0147,Primary
PER_0233,ACC_0077,Primary
PER_0234,ACC_0618,Primary
PER_0234,ACC_0228,Primary
PER_0235,ACC_0347,Primary
PER_0235,ACC_0511,Benami
PER_0236,ACC_0099,Primary
PER_0236,ACC_0156,Benami
PER_0237,ACC_0447,Benami
PER_0237,ACC_0679,Primary
PER_0238,ACC_0380,Benami
PER_0238,ACC_0796,Primary
PER_0239,ACC_0691,Primary
PER_0239,ACC_0343,Benami
PER_0240,ACC_0639,Benami
PER_0240,ACC_0154,Primary
PER_0241,ACC_0997,Primary
PER_0241,ACC_0134,Primary
PER_0242,ACC_1067,Primary
PER_0242,ACC_1077,Primary
PER_0243,ACC_0579,Primary
PER_0243,ACC_1038,Primary
PER_0244,ACC_0120,Benami
PER_0245,ACC_0698,Primary
PER_0246,ACC_0824,Primary
PER_0246,ACC_0427,Primary
PER_0247,ACC_0299,Primary
PER_0247,ACC_0378,Primary
PER_0248,ACC_0320,Primary
PER_0248,ACC_0799,Primary
PER_0249,ACC_0830,Benami
PER_0249,ACC_0752,Primary
PER_0250,ACC_0976,Benami
PER_0251,ACC_0170,Benami
PER_0252,ACC_0228,Benami
PER_0252,ACC_0456,Primary
PER_0253,ACC_0369,Benami
PER_0253,ACC_0534,Primary
PER_0254,ACC_0211,Benami
PER_0254,ACC_0011,Primary
PER_0255,ACC_0838,Primary
PER_0255,ACC_1109,Primary
PER_0256,ACC_0996,Benami
PER_0257,ACC_0016,Primary
PER_0258,ACC_0394,Primary
PER_0259,ACC_0250,Primary
PER_0260,ACC_0287,Benami
PER_0261,ACC_0371,Benami
PER_0262,ACC_0582,Benami
PER_0263,ACC_0965,Primary
PER_0263,ACC_0670,Primary
PER_0264,ACC_0609,Benami
PER_0264,ACC_0066,Benami
PER_0265,ACC_0927,Benami
PER_0265,ACC_0238,Primary
PER_0266,ACC_0237,Primary
PER_0267,ACC_0061,Benami
PER_0267,ACC_0644,Primary
PER_0268,ACC_0299,Primary
PER_0268,ACC_0338,Primary
PER_0269,ACC_0016,Primary
PER_0270,ACC_0593,Primary
PER_0270,ACC_0241,Primary
PER_0271,ACC_1003,Primary
PER_0271,ACC_1140,Primary
PER_0272,ACC_1074,Benami
PER_0272,ACC_0493,Primary
PER_0273,ACC_0150,Benami
PER_0274,ACC_0210,Primary
PER_0274,ACC_0590,Primary
PER_0275,ACC_0497,Benami
PER_0275,ACC_0618,Primary
PER_0276,ACC_1046,Primary
PER_0277,ACC_0538,Benami
PER_0278,ACC_0931,Primary
PER_0278,ACC_0590,Primary
PER_0279,ACC_0359,Benami
PER_0280,ACC_0047,Primary
PER_0281,ACC_1020,Primary
PER_0281,ACC_1146,Primary
PER_0282,ACC_0952,Primary
PER_0283,ACC_0299,Benami
PER_0284,ACC_0514,Primary
PER_0284,ACC_0491,Primary
PER_0285,ACC_0654,Primary
PER_0286,ACC_0706,Primary
PER_0286,ACC_1010,Primary
PER_0287,ACC_0043,Primary
PER_0287,ACC_1116,Benami
PER_0288,ACC_0859,Primary
PER_0289,ACC_1161,Primary
PER_0289,ACC_0101,Primary
PER_0290,ACC_1065,Primary
PER_0291,ACC_0031,Benami
PER_0291,ACC_0773,Benami
PER_0292,ACC_0861,Benami
PER_0292,ACC_0942,Primary
PER_0293,ACC_0761,Primary
PER_0293,ACC_0910,Benami
PER_0294,ACC_0295,Primary
PER_0294,ACC_0910,Primary
PER_0295,ACC_1148,Benami
PER_0295,ACC_0142,Primary
PER_0296,ACC_0287,Primary
PER_0297,ACC_1049,Benami
PER_0298,ACC_0817,Primary
PER_0298,ACC_0330,Primary
PER_0299,ACC_0552,Primary
PER_0299,ACC_0618,Primary
PER_0300,ACC_0662,Primary
PER_0301,ACC_1089,Benami
PER_0302,ACC_0493,Primary
PER_0303,ACC_0357,Primary
PER_0303,ACC_0436,Benami
PER_0304,ACC_0561,Benami
PER_0305,ACC_0631,Benami
PER_0306,ACC_0701,Primary
PER_0306,ACC_0506,Primary
PER_0307,ACC_0671,Primary
PER_0308,ACC_0940,Primary
PER_0308,ACC_0578,Primary
PER_0309,ACC_0787,Benami
PER_0310,ACC_1154,Benami
PER_0310,ACC_0776,Benami
PER_0311,ACC_0927,Benami
PER_0311,ACC_0126,Primary
PER_0312,ACC_0296,Primary
PER_0313,ACC_0597,Benami
PER_0313,ACC_0735,Benami
PER_0314,ACC_0660,Primary
PER_0315,ACC_1076,Primary
PER_0316,ACC_0573,Benami
PER_0317,ACC_0892,Primary
PER_0318,ACC_0907,Benami
PER_0319,ACC_0606,Primary
PER_0319,ACC_0322,Primary
PER_0320,ACC_0619,Benami
PER_0321,ACC_1110,Primary
PER_0321,ACC_0363,Primary
PER_0322,ACC_0361,Primary
PER_0323,ACC_0430,Primary
PER_0323,ACC_0973,Primary
PER_0324,ACC_0454,Primary
PER_0324,ACC_0259,Primary
PER_0325,ACC_0249,Primary
PER_0326,ACC_1025,Benami
PER_0327,ACC_0016,Benami
PER_0327,ACC_0379,Primary
PER_0328,ACC_0218,Primary
PER_0329,ACC_0434,Primary
PER_0330,ACC_1003,Primary
PER_0331,ACC_0127,Benami
PER_0332,ACC_0377,Primary
PER_0333,ACC_0882,Primary
PER_0333,ACC_0204,Benami
PER_0334,ACC_0772,Primary
PER_0334,ACC_0576,Benami
PER_0335,ACC_0725,Benami
PER_0335,ACC_0634,Primary
PER_0336,ACC_0465,Benami
PER_0337,ACC_0445,Primary
PER_0337,ACC_0280,Benami
PER_0338,ACC_0960,Primary
PER_0338,ACC_0954,Primary
PER_0339,ACC_0584,Primary
PER_0340,ACC_0904,Primary
PER_0340,ACC_0590,Primary
PER_0341,ACC_0606,Primary
PER_0342,ACC_0402,Primary
PER_0342,ACC_0214,Primary
PER_0343,ACC_0877,Primary
PER_0343,ACC_0862,Primary
PER_0344,ACC_0363,Primary
PER_0344,ACC_0965,Primary
PER_0345,ACC_0257,Benami
PER_0346,ACC_1135,Benami
PER_0347,ACC_0977,Benami
PER_0347,ACC_1122,Primary
PER_0348,ACC_0320,Benami
PER_0349,ACC_0234,Primary
PER_0350,ACC_0050,Primary
PER_0350,ACC_0792,Primary
PER_0351,ACC_0419,Benami
PER_0351,ACC_0687,Benami
PER_0352,ACC_0253,Primary
PER_0352,ACC_1105,Benami
PER_0353,ACC_0776,Primary
PER_0354,ACC_1050,Primary
PER_0354,ACC_0753,Primary
PER_0355,ACC_0171,Benami
PER_0356,ACC_0639,Benami
PER_0357,ACC_0060,Primary
PER_0358,ACC_0929,Primary
PER_0359,ACC_1167,Primary
PER_0360,ACC_0499,Primary
PER_0361,ACC_0425,Benami
PER_0362,ACC_0706,Primary
PER_0362,ACC_1029,Primary
PER_0363,ACC_0260,Primary
PER_0364,ACC_0212,Primary
PER_0364,ACC_1006,Benami
PER_0365,ACC_0846,Primary
PER_0365,ACC_0702,Primary
PER_0366,ACC_0431,Benami
PER_0366,ACC_1073,Benami
PER_0367,ACC_0063,Primary
PER_0367,ACC_0795,Benami
PER_0368,ACC_0805,Benami
PER_0368,ACC_0600,Primary
PER_0369,ACC_0756,Benami
PER_0370,ACC_1000,Benami
PER_0371,ACC_0648,Benami
PER_0371,ACC_0708,Primary
PER_0372,ACC_1002,Primary
PER_0373,ACC_0804,Primary
PER_0373,ACC_0644,Primary
PER_0374,ACC_0842,Primary
PER_0374,ACC_0533,Primary
PER_0375,ACC_0328,Benami
PER_0375,ACC_0338,Primary
PER_0376,ACC_0753,Benami
PER_0376,ACC_0247,Primary
PER_0377,ACC_0645,Benami
PER_0378,ACC_1185,Primary
PER_0378,ACC_0266,Primary
PER_0379,ACC_1094,Primary
PER_0379,ACC_0684,Benami
PER_0380,ACC_0864,Primary
PER_0381,ACC_0856,Benami
PER_0381,ACC_1009,Primary
PER_0382,ACC_0045,Primary
PER_0382,ACC_0903,Benami
PER_0383,ACC_0284,Benami
PER_0383,ACC_0150,Benami
PER_0384,ACC_0761,Benami
PER_0384,ACC_0009,Primary
PER_0385,ACC_1011,Primary
PER_0385,ACC_0946,Primary
PER_0386,ACC_0588,Primary
PER_0387,ACC_1162,Primary
PER_0387,ACC_0950,Benami
PER_0388,ACC_1065,Benami
PER_0389,ACC_0940,Benami
PER_0390,ACC_1085,Benami
PER_0391,ACC_0928,Primary
PER_0391,ACC_1138,Primary
PER_0392,ACC_0498,Benami
PER_0393,ACC_0115,Primary
PER_0394,ACC_0649,Primary
PER_0394,ACC_0132,Primary
PER_0395,ACC_0912,Primary
PER_0395,ACC_0025,Primary
PER_0396,ACC_0288,Primary
PER_0397,ACC_0411,Benami
PER_0397,ACC_0009,Primary
PER_0398,ACC_0056,Primary
PER_0399,ACC_1061,Benami
PER_0400,ACC_0260,Primary
PER_0400,ACC_0795,Primary
PER_0401,ACC_0420,Primary
PER_0402,ACC_0867,Primary
PER_0403,ACC_0047,Benami
PER_0403,ACC_1044,Primary
PER_0404,ACC_1022,Primary
PER_0404,ACC_0176,Primary
PER_0405,ACC_0519,Primary
PER_0405,ACC_0586,Primary
PER_0406,ACC_0050,Primary
PER_0407,ACC_0859,Primary
PER_0407,ACC_0574,Primary
PER_0408,ACC_0385,Benami
PER_0409,ACC_0192,Primary
PER_0409,ACC_1155,Primary
PER_0410,ACC_0159,Benami
PER_0411,ACC_0598,Benami
PER_0411,ACC_0802,Primary
PER_0412,ACC_1108,Primary
PER_0413,ACC_1073,Primary
PER_0414,ACC_0586,Benami
PER_0415,ACC_0126,Benami
PER_0416,ACC_0496,Primary
PER_0416,ACC_0131,Primary
PER_0417,ACC_0156,Primary
PER_0417,ACC_0438,Benami
PER_0418,ACC_0563,Primary
PER_0419,ACC_0978,Primary
PER_0420,ACC_0722,Benami
PER_0420,ACC_1036,Benami
PER_0421,ACC_0212,Primary
PER_0422,ACC_0782,Primary
PER_0422,ACC_0578,Primary
PER_0423,ACC_1125,Benami
PER_0423,ACC_0538,Primary
PER_0424,ACC_0317,Primary
PER_0425,ACC_0830,Primary
PER_0426,ACC_0991,Primary
PER_0427,ACC_0192,Primary
PER_0427,ACC_0219,Primary
PER_0428,ACC_1060,Benami
PER_0428,ACC_0866,Primary
PER_0429,ACC_0790,Primary
PER_0429,ACC_0899,Primary
PER_0430,ACC_0408,Benami
PER_0431,ACC_0976,Primary
PER_0432,ACC_0058,Primary
PER_0432,ACC_0682,Primary
PER_0433,ACC_0389,Primary
PER_0433,ACC_0524,Primary
PER_0434,ACC_0865,Primary
PER_0434,ACC_0671,Benami
PER_0435,ACC_0506,Primary
PER_0435,ACC_0747,Primary
PER_0436,ACC_0579,Benami
PER_0437,ACC_0291,Primary
PER_0437,ACC_0194,Primary
PER_0438,ACC_0687,Benami
PER_0438,ACC_1146,Primary
PER_0439,ACC_0872,Primary
PER_0439,ACC_0877,Primary
PER_0440,ACC_0009,Primary
PER_0441,ACC_0014,Benami
PER_0442,ACC_0419,Primary
PER_0442,ACC_0323,Primary
PER_0443,ACC_0787,Primary
PER_0443,ACC_0881,Primary
PER_0444,ACC_0523,Primary
PER_0445,ACC_0126,Primary
PER_0445,ACC_0338,Primary
PER_0446,ACC_0615,Benami
PER_0446,ACC_0874,Benami
PER_0447,ACC_0391,Primary
PER_0447,ACC_0016,Primary
PER_0448,ACC_0257,Primary
PER_0448,ACC_0017,Primary
PER_0449,ACC_1138,Primary
PER_0450,ACC_0991,Primary
PER_0451,ACC_0934,Benami
PER_0451,ACC_0238,Primary
PER_0452,ACC_0288,Benami
PER_0452,ACC_0654,Primary
PER_0453,ACC_0407,Primary
PER_0453,ACC_0003,Benami
PER_0454,ACC_0170,Benami
PER_0454,ACC_0300,Primary
PER_0455,ACC_0289,Benami
PER_0455,ACC_0397,Benami
PER_0456,ACC_0107,Primary
PER_0457,ACC_0916,Benami
PER_0457,ACC_0962,Primary
PER_0458,ACC_0247,Primary
PER_0458,ACC_1188,Primary
PER_0459,ACC_0748,Primary
PER_0459,ACC_0890,Primary
PER_0460,ACC_0833,Benami
PER_0460,ACC_0607,Primary
PER_0461,ACC_1074,Benami
PER_0461,ACC_0481,Primary
PER_0462,ACC_0036,Primary
PER_0463,ACC_0312,Primary
PER_0463,ACC_0331,Primary
PER_0464,ACC_0778,Primary
PER_0465,ACC_0402,Primary
PER_0465,ACC_0940,Primary
PER_0466,ACC_0261,Primary
PER_0467,ACC_0530,Benami
PER_0468,ACC_0940,Benami
PER_0469,ACC_0980,Primary
PER_0469,ACC_0499,Primary
PER_0470,ACC_1010,Benami
PER_0470,ACC_0235,Primary
PER_0471,ACC_0197,Benami
PER_0472,ACC_0311,Benami
PER_0472,ACC_0859,Primary
PER_0473,ACC_0822,Primary
PER_0474,ACC_0536,Primary
PER_0475,ACC_0934,Primary
PER_0475,ACC_1140,Benami
PER_0476,ACC_0592,Primary
PER_0476,ACC_1040,Benami
PER_0477,ACC_0183,Benami
PER_0477,ACC_0383,Primary
PER_0478,ACC_1168,Primary
PER_0478,ACC_0187,Primary
PER_0479,ACC_0794,Primary
PER_0479,ACC_0581,Benami
PER_0480,ACC_0047,Primary
PER_0481,ACC_1014,Primary
PER_0482,ACC_0867,Benami
PER_0482,ACC_0748,Primary
PER_0483,ACC_0805,Primary
PER_0483,ACC_1104,Primary
PER_0484,ACC_1021,Primary
PER_0485,ACC_0006,Primary
PER_0485,ACC_0081,Primary
PER_0486,ACC_0043,Primary
PER_0487,ACC_0177,Primary
PER_0488,ACC_0036,Benami
PER_0488,ACC_0655,Benami
PER_0489,ACC_0574,Primary
PER_0489,ACC_0427,Primary
PER_0490,ACC_0821,Primary
PER_0491,ACC_0117,Primary
PER_0492,ACC_0481,Primary
PER_0493,ACC_0445,Primary
PER_0493,ACC_0782,Primary
PER_0494,ACC_0027,Benami
PER_0495,ACC_0117,Primary
PER_0496,ACC_1078,Primary
PER_0497,ACC_0136,Primary
PER_0498,ACC_0008,Primary
PER_0499,ACC_1089,Benami
PER_0499,ACC_0092,Primary
PER_0500,ACC_0688,Primary
PER_0501,ACC_0133,Primary
PER_0501,ACC_0687,Primary
PER_0502,ACC_0104,Primary
PER_0503,ACC_0102,Primary
PER_0504,ACC_0909,Primary
PER_0505,ACC_0497,Primary
PER_0506,ACC_0349,Primary
PER_0506,ACC_1094,Benami
PER_0507,ACC_0288,Primary
PER_0508,ACC_1065,Primary
PER_0508,ACC_0137,Primary
PER_0509,ACC_0940,Primary
PER_0509,ACC_0526,Primary
PER_0510,ACC_0452,Primary
PER_0510,ACC_0151,Primary
PER_0511,ACC_0075,Primary
PER_0512,ACC_0501,Benami
PER_0513,ACC_1019,Primary
PER_0513,ACC_0416,Primary
PER_0514,ACC_0286,Primary
PER_0514,ACC_0194,Primary
PER_0515,ACC_0287,Primary
PER_0515,ACC_0865,Primary
PER_0516,ACC_0730,Primary
PER_0516,ACC_0059,Benami
PER_0517,ACC_0875,Primary
PER_0517,ACC_0981,Benami
PER_0518,ACC_0981,Primary
PER_0518,ACC_0816,Benami
PER_0519,ACC_0838,Primary
PER_0520,ACC_1116,Primary
PER_0520,ACC_1078,Primary
PER_0521,ACC_0180,Primary
PER_0522,ACC_0331,Primary
PER_0522,ACC_0942,Benami
PER_0523,ACC_0377,Primary
PER_0524,ACC_0910,Primary
PER_0524,ACC_1055,Primary
PER_0525,ACC_0917,Primary
PER_0526,ACC_0810,Primary
PER_0527,ACC_0347,Primary
PER_0527,ACC_0384,Primary
PER_0528,ACC_0950,Benami
PER_0529,ACC_0652,Primary
PER_0530,ACC_0278,Primary
PER_0531,ACC_0984,Benami
PER_0531,ACC_0953,Primary
PER_0532,ACC_0779,Benami
PER_0532,ACC_0607,Primary
PER_0533,ACC_1090,Primary
PER_0533,ACC_0051,Primary
PER_0534,ACC_0256,Benami
PER_0534,ACC_0903,Primary
PER_0535,ACC_0676,Primary
PER_0535,ACC_0989,Benami
PER_0536,ACC_0285,Primary
PER_0537,ACC_0812,Primary
PER_0537,ACC_0719,Primary
PER_0538,ACC_0165,Primary
PER_0538,ACC_0234,Primary
PER_0539,ACC_0081,Primary
PER_0539,ACC_0115,Primary
PER_0540,ACC_0009,Primary
PER_0541,ACC_0537,Benami
PER_0542,ACC_1071,Primary
PER_0543,ACC_0716,Primary
PER_0543,ACC_0949,Primary
PER_0544,ACC_0290,Primary
PER_0545,ACC_0253,Benami
PER_0546,ACC_0697,Primary
PER_0547,ACC_1039,Primary
PER_0548,ACC_1011,Benami
PER_0549,ACC_0823,Primary
PER_0550,ACC_0306,Benami
PER_0550,ACC_0372,Primary
PER_0551,ACC_0432,Primary
PER_0551,ACC_0244,Benami
PER_0552,ACC_0086,Benami
PER_0553,ACC_0401,Primary
PER_0553,ACC_0041,Primary
PER_0554,ACC_0789,Primary
PER_0555,ACC_0285,Primary
PER_0555,ACC_0532,Primary
PER_0556,ACC_0490,Primary
PER_0556,ACC_0962,Primary
PER_0557,ACC_0051,Primary
PER_0557,ACC_0669,Primary
PER_0558,ACC_0568,Primary
PER_0559,ACC_0836,Benami
PER_0559,ACC_1016,Primary
PER_0560,ACC_0427,Primary
PER_0560,ACC_0742,Benami
PER_0561,ACC_0449,Primary
PER_0561,ACC_0521,Benami
PER_0562,ACC_0879,Primary
PER_0562,ACC_1125,Primary
PER_0563,ACC_0725,Benami
PER_0563,ACC_1053,Primary
PER_0564,ACC_1038,Primary
PER_0564,ACC_0407,Primary
PER_0565,ACC_0724,Primary
PER_0566,ACC_0328,Primary
PER_0566,ACC_0853,Benami
PER_0567,ACC_0614,Primary
PER_0567,ACC_1061,Benami
PER_0568,ACC_0969,Primary
PER_0568,ACC_0748,Benami
PER_0569,ACC_0500,Primary
PER_0569,ACC_0326,Primary
PER_0570,ACC_0516,Primary
PER_0571,ACC_0691,Benami
PER_0571,ACC_1097,Benami
PER_0572,ACC_0654,Primary
PER_0572,ACC_0123,Primary
PER_0573,ACC_1090,Benami
PER_0574,ACC_0339,Benami
PER_0574,ACC_0017,Benami
PER_0575,ACC_0402,Primary
PER_0576,ACC_0916,Primary
PER_0576,ACC_0466,Primary
PER_0577,ACC_0645,Benami
PER_0578,ACC_0010,Primary
PER_0578,ACC_0495,Benami
PER_0579,ACC_0283,Primary
PER_0579,ACC_0687,Primary
PER_0580,ACC_0079,Primary
PER_0580,ACC_0272,Primary
PER_0581,ACC_0704,Primary
PER_0581,ACC_0048,Primary
PER_0582,ACC_0639,Benami
PER_0583,ACC_0133,Benami
PER_0584,ACC_0543,Primary
PER_0584,ACC_0477,Primary
PER_0585,ACC_0386,Primary
PER_0585,ACC_0162,Primary
PER_0586,ACC_0229,Benami
PER_0587,ACC_1180,Benami
PER_0587,ACC_0060,Primary
PER_0588,ACC_0734,Primary
PER_0588,ACC_0379,Primary
PER_0589,ACC_1130,Primary
PER_0590,ACC_0376,Benami
PER_0590,ACC_0705,Benami
PER_0591,ACC_1016,Primary
PER_0591,ACC_0458,Primary
PER_0592,ACC_0714,Primary
PER_0592,ACC_0600,Benami
PER_0593,ACC_0084,Primary
PER_0593,ACC_0166,Primary
PER_0594,ACC_0977,Primary
PER_0595,ACC_0705,Primary
PER_0595,ACC_0733,Primary
PER_0596,ACC_0065,Benami
PER_0596,ACC_0856,Benami
PER_0597,ACC_0852,Primary
PER_0598,ACC_0906,Benami
PER_0599,ACC_0288,Primary
PER_0600,ACC_0975,Primary
PER_0600,ACC_0768,Primary
PER_0601,ACC_0872,Benami
PER_0602,ACC_0356,Primary
PER_0603,ACC_1053,Benami
PER_0604,ACC_1047,Primary
PER_0605,ACC_0804,Benami
PER_0605,ACC_0328,Primary
PER_0606,ACC_0869,Primary
PER_0607,ACC_0884,Benami
PER_0608,ACC_0689,Primary
PER_0609,ACC_1012,Primary
PER_0609,ACC_0122,Benami
PER_0610,ACC_1106,Primary
PER_0610,ACC_0293,Benami
PER_0611,ACC_0903,Primary
PER_0611,ACC_0467,Benami
PER_0612,ACC_0441,Benami
PER_0613,ACC_1088,Primary
PER_0614,ACC_0632,Primary
PER_0615,ACC_0598,Primary
PER_0616,ACC_0298,Primary
PER_0617,ACC_0821,Benami
PER_0618,ACC_0297,Primary
PER_0619,ACC_0220,Benami
PER_0620,ACC_0966,Primary
PER_0621,ACC_0905,Primary
PER_0621,ACC_0776,Primary
PER_0622,ACC_0226,Primary
PER_0623,ACC_0050,Primary
PER_0623,ACC_0585,Benami
PER_0624,ACC_1068,Primary
PER_0625,ACC_0613,Benami
PER_0626,ACC_0461,Primary
PER_0626,ACC_0174,Primary
PER_0627,ACC_1199,Primary
PER_0628,ACC_0220,Primary
PER_0629,ACC_0302,Benami
PER_0629,ACC_1198,Primary
PER_0630,ACC_0260,Primary
PER_0630,ACC_0799,Primary
PER_0631,ACC_0926,Benami
PER_0632,ACC_1043,Benami
PER_0633,ACC_0290,Primary
PER_0633,ACC_0171,Primary
PER_0634,ACC_0469,Benami
PER_0634,ACC_0319,Primary
PER_0635,ACC_0814,Primary
PER_0636,ACC_0660,Primary
PER_0637,ACC_0892,Benami
PER_0637,ACC_0992,Benami
PER_0638,ACC_1157,Primary
PER_0639,ACC_0999,Primary
PER_0639,ACC_0003,Benami
PER_0640,ACC_0765,Primary
PER_0641,ACC_0521,Benami
PER_0642,ACC_0022,Primary
PER_0643,ACC_0013,Benami
PER_0644,ACC_1067,Primary
PER_0644,ACC_0500,Primary
PER_0645,ACC_0437,Primary
PER_0646,ACC_0710,Benami
PER_0646,ACC_0114,Primary
PER_0647,ACC_0927,Benami
PER_0647,ACC_0813,Primary
PER_0648,ACC_0558,Benami
PER_0649,ACC_0560,Primary
PER_0650,ACC_0713,Primary
PER_0650,ACC_0610,Primary
PER_0651,ACC_0492,Primary
PER_0652,ACC_0092,Benami
PER_0653,ACC_1126,Primary
PER_0654,ACC_0354,Benami
PER_0654,ACC_0147,Primary
PER_0655,ACC_0500,Benami
PER_0656,ACC_0124,Primary
PER_0656,ACC_0206,Benami
PER_0657,ACC_0202,Benami
PER_0658,ACC_0741,Primary
PER_0659,ACC_0065,Primary
PER_0660,ACC_0158,Primary
PER_0661,ACC_1072,Primary
PER_0661,ACC_0249,Primary
PER_0662,ACC_0851,Primary
PER_0663,ACC_1101,Primary
PER_0664,ACC_0981,Primary
PER_0665,ACC_0026,Primary
PER_0665,ACC_0955,Primary
PER_0666,ACC_0996,Primary
PER_0666,ACC_0878,Benami
PER_0667,ACC_0725,Benami
PER_0668,ACC_0205,Primary
PER_0668,ACC_0104,Primary
PER_0669,ACC_0234,Benami
PER_0669,ACC_0889,Primary
PER_0670,ACC_1092,Primary
PER_0671,ACC_0214,Benami
PER_0671,ACC_0370,Benami
PER_0672,ACC_0166,Primary
PER_0672,ACC_0226,Primary
PER_0673,ACC_0543,Primary
PER_0674,ACC_0741,Primary
PER_0674,ACC_0532,Primary
PER_0675,ACC_0291,Primary
PER_0675,ACC_0810,Primary
PER_0676,ACC_0382,Primary
PER_0677,ACC_0161,Primary
PER_0677,ACC_0484,Primary
PER_0678,ACC_1027,Primary
PER_0679,ACC_0872,Benami
PER_0680,ACC_0821,Benami
PER_0680,ACC_0219,Primary
PER_0681,ACC_0903,Benami
PER_0681,ACC_1114,Benami
PER_0682,ACC_1013,Primary
PER_0682,ACC_0425,Benami
PER_0683,ACC_0587,Benami
PER_0683,ACC_0096,Benami
PER_0684,ACC_0780,Primary
PER_0684,ACC_0141,Primary
PER_0685,ACC_0361,Primary
PER_0685,ACC_1013,Primary
PER_0686,ACC_0608,Primary
PER_0687,ACC_0147,Primary
PER_0688,ACC_0199,Benami
PER_0688,ACC_0611,Primary
PER_0689,ACC_0381,Primary
PER_0689,ACC_0606,Benami
PER_0690,ACC_1090,Benami
PER_0690,ACC_0864,Primary
PER_0691,ACC_0982,Primary
PER_0691,ACC_0056,Primary
PER_0692,ACC_1104,Primary
PER_0692,ACC_1158,Primary
PER_0693,ACC_0045,Primary
PER_0693,ACC_0444,Primary
PER_0694,ACC_0007,Benami
PER_0695,ACC_0997,Primary
PER_0696,ACC_0823,Primary
PER_0697,ACC_0706,Primary
PER_0698,ACC_0297,Primary
PER_0699,ACC_0344,Primary
PER_0700,ACC_0786,Primary
PER_0701,ACC_0574,Benami
PER_0702,ACC_0103,Primary
PER_0702,ACC_0773,Primary
PER_0703,ACC_0168,Primary
PER_0704,ACC_0263,Primary
PER_0705,ACC_0983,Primary
PER_0705,ACC_0255,Benami
PER_0706,ACC_0915,Primary
PER_0707,ACC_0110,Primary
PER_0707,ACC_0984,Primary
PER_0708,ACC_1181,Primary
PER_0708,ACC_0978,Primary
PER_0709,ACC_0117,Benami
PER_0709,ACC_0647,Primary
PER_0710,ACC_1005,Benami
PER_0711,ACC_1119,Primary
PER_0711,ACC_0839,Primary
PER_0712,ACC_1059,Primary
PER_0712,ACC_0195,Primary
PER_0713,ACC_0020,Primary
PER_0714,ACC_0433,Primary
PER_0714,ACC_0642,Benami
PER_0715,ACC_0410,Benami
PER_0715,ACC_0193,Primary
PER_0716,ACC_0722,Primary
PER_0716,ACC_0919,Primary
PER_0717,ACC_0212,Primary
PER_0717,ACC_0858,Primary
PER_0718,ACC_1000,Primary
PER_0719,ACC_0182,Primary
PER_0720,ACC_1077,Primary
PER_0721,ACC_0803,Primary
PER_0722,ACC_0097,Benami
PER_0723,ACC_0027,Primary
PER_0724,ACC_1012,Benami
PER_0724,ACC_0713,Primary
PER_0725,ACC_0236,Primary
PER_0726,ACC_0864,Primary
PER_0727,ACC_0158,Primary
PER_0728,ACC_0549,Benami
PER_0728,ACC_1185,Primary
PER_0729,ACC_0116,Primary
PER_0729,ACC_0497,Benami
PER_0730,ACC_0606,Primary
PER_0730,ACC_0761,Primary
PER_0731,ACC_0700,Primary
PER_0732,ACC_1123,Primary
PER_0733,ACC_0314,Primary
PER_0734,ACC_0447,Benami
PER_0734,ACC_0316,Primary
PER_0735,ACC_0217,Primary
PER_0735,ACC_0897,Benami
PER_0736,ACC_0661,Primary
PER_0737,ACC_0521,Primary
PER_0738,ACC_0368,Primary
PER_0738,ACC_0218,Primary
PER_0739,ACC_0832,Primary
PER_0740,ACC_1111,Primary
PER_0741,ACC_0734,Benami
PER_0741,ACC_0529,Benami
PER_0742,ACC_0652,Benami
PER_0742,ACC_0479,Primary
PER_0743,ACC_0497,Benami
PER_0744,ACC_0820,Primary
PER_0744,ACC_1068,Primary
PER_0745,ACC_0878,Primary
PER_0746,ACC_0743,Primary
PER_0746,ACC_1187,Benami
PER_0747,ACC_0066,Primary
PER_0747,ACC_1152,Primary
PER_0748,ACC_0221,Primary
PER_0749,ACC_0674,Primary
PER_0750,ACC_0858,Primary
PER_0751,ACC_0137,Primary
PER_0752,ACC_0964,Benami
PER_0753,ACC_0928,Primary
PER_0753,ACC_0059,Benami
PER_0754,ACC_0464,Primary
PER_0754,ACC_0602,Primary
PER_0755,ACC_0626,Benami
PER_0756,ACC_0350,Primary
PER_0757,ACC_0193,Primary
PER_0757,ACC_1076,Primary
PER_0758,ACC_0126,Primary
PER_0759,ACC_0379,Primary
PER_0760,ACC_0641,Primary
PER_0760,ACC_0632,Benami
PER_0761,ACC_0635,Benami
PER_0762,ACC_0608,Primary
PER_0763,ACC_0319,Benami
PER_0763,ACC_0064,Benami
PER_0764,ACC_0015,Primary
PER_0764,ACC_0631,Primary
PER_0765,ACC_0242,Primary
PER_0766,ACC_0134,Primary
PER_0766,ACC_0689,Benami
PER_0767,ACC_0212,Primary
PER_0767,ACC_0633,Benami
PER_0768,ACC_0395,Primary
PER_0769,ACC_0638,Primary
PER_0769,ACC_0275,Primary
PER_0770,ACC_0115,Primary
PER_0771,ACC_0790,Primary
PER_0772,ACC_0056,Primary
PER_0773,ACC_0786,Primary
PER_0773,ACC_0655,Benami
PER_0774,ACC_0073,Primary
PER_0775,ACC_0496,Primary
PER_0776,ACC_0887,Primary
PER_0776,ACC_1195,Primary
PER_0777,ACC_0344,Primary
PER_0778,ACC_0475,Primary
PER_0779,ACC_1165,Benami
PER_0780,ACC_1110,Primary
PER_0781,ACC_0034,Primary
PER_0782,ACC_0626,Benami
PER_0783,ACC_0603,Benami
PER_0784,ACC_0364,Primary
PER_0784,ACC_1050,Benami
PER_0785,ACC_0413,Primary
PER_0786,ACC_0488,Benami
PER_0787,ACC_0760,Primary
PER_0787,ACC_0210,Primary
PER_0788,ACC_0894,Primary
PER_0788,ACC_0522,Primary
PER_0789,ACC_0590,Benami
PER_0789,ACC_0360,Primary
PER_0790,ACC_0786,Primary
PER_0791,ACC_1136,Primary
PER_0792,ACC_0922,Benami
PER_0793,ACC_0045,Primary
PER_0793,ACC_1183,Benami
PER_0794,ACC_0558,Primary
PER_0794,ACC_0983,Primary
PER_0795,ACC_1166,Primary
PER_0796,ACC_0581,Benami
PER_0796,ACC_0670,Primary
PER_0797,ACC_0830,Benami
PER_0797,ACC_0673,Primary
PER_0798,ACC_0010,Benami
PER_0799,ACC_0562,Primary
PER_0799,ACC_0280,Primary
PER_0800,ACC_0563,Primary
PER_0801,ACC_0773,Primary
PER_0801,ACC_1058,Primary
PER_0802,ACC_0936,Primary
PER_0802,ACC_0034,Benami
PER_0803,ACC_0888,Primary
PER_0804,ACC_0535,Primary
PER_0805,ACC_0166,Benami
PER_0806,ACC_1073,Benami
PER_0807,ACC_0211,Primary
PER_0807,ACC_0690,Primary
PER_0808,ACC_0886,Benami
PER_0808,ACC_0668,Primary
PER_0809,ACC_0041,Primary
PER_0809,ACC_0197,Primary
PER_0810,ACC_1153,Benami
PER_0810,ACC_0371,Primary
PER_0811,ACC_0891,Primary
PER_0811,ACC_1179,Benami
PER_0812,ACC_0664,Primary
PER_0812,ACC_0035,Primary
PER_0813,ACC_1181,Primary
PER_0813,ACC_0470,Primary
PER_0814,ACC_0542,Primary
PER_0815,ACC_0148,Primary
PER_0815,ACC_0966,Primary
PER_0816,ACC_0679,Primary
PER_0817,ACC_0616,Primary
PER_0818,ACC_0677,Benami
PER_0819,ACC_1104,Primary
PER_0820,ACC_0877,Primary
PER_0820,ACC_0354,Primary
PER_0821,ACC_1054,Primary
PER_0821,ACC_0147,Primary
PER_0822,ACC_1060,Primary
PER_0823,ACC_0834,Primary
PER_0824,ACC_0790,Benami
PER_0825,ACC_0453,Primary
PER_0825,ACC_0039,Benami
PER_0826,ACC_0290,Primary
PER_0827,ACC_0683,Primary
PER_0827,ACC_0173,Primary
PER_0828,ACC_0004,Primary
PER_0829,ACC_0302,Primary
PER_0829,ACC_1003,Primary
PER_0830,ACC_0100,Primary
PER_0830,ACC_0443,Primary
PER_0831,ACC_0398,Primary
PER_0832,ACC_0520,Primary
PER_0833,ACC_0433,Primary
PER_0833,ACC_0529,Primary
PER_0834,ACC_0501,Benami
PER_0834,ACC_0477,Benami
PER_0835,ACC_0402,Benami
PER_0836,ACC_0864,Primary
PER_0836,ACC_0182,Primary
PER_0837,ACC_0919,Primary
PER_0838,ACC_0915,Primary
PER_0839,ACC_0945,Primary
PER_0839,ACC_0946,Benami
PER_0840,ACC_0279,Benami
PER_0840,ACC_0795,Primary
PER_0841,ACC_0085,Primary
PER_0841,ACC_1044,Primary
PER_0842,ACC_1016,Primary
PER_0842,ACC_0543,Primary
PER_0843,ACC_0559,Primary
PER_0843,ACC_0588,Primary
PER_0844,ACC_0284,Primary
PER_0844,ACC_0726,Primary
PER_0845,ACC_0520,Primary
PER_0845,ACC_0057,Primary
PER_0846,ACC_0798,Primary
PER_0846,ACC_0954,Primary
PER_0847,ACC_0544,Primary
PER_0848,ACC_0984,Primary
PER_0849,ACC_0165,Primary
PER_0849,ACC_0632,Primary
PER_0850,ACC_0181,Primary
PER_0850,ACC_0156,Primary
PER_0851,ACC_0426,Benami
PER_0852,ACC_0067,Primary
PER_0853,ACC_1170,Primary
PER_0854,ACC_0838,Primary
PER_0855,ACC_1037,Benami
PER_0855,ACC_0308,Benami
PER_0856,ACC_0704,Primary
PER_0856,ACC_0501,Primary
PER_0857,ACC_0866,Benami
PER_0857,ACC_0749,Primary
PER_0858,ACC_0267,Primary
PER_0859,ACC_0066,Primary
PER_0859,ACC_0028,Benami
PER_0860,ACC_0060,Primary
PER_0860,ACC_1169,Benami
PER_0861,ACC_0631,Primary
PER_0862,ACC_0864,Benami
PER_0862,ACC_0160,Primary
PER_0863,ACC_0644,Benami
PER_0863,ACC_0165,Benami
PER_0864,ACC_1029,Primary
PER_0864,ACC_0441,Primary
PER_0865,ACC_0823,Benami
PER_0865,ACC_0874,Primary
PER_0866,ACC_0919,Primary
PER_0866,ACC_0871,Primary
PER_0867,ACC_1047,Primary
PER_0867,ACC_0998,Benami
PER_0868,ACC_1196,Primary
PER_0868,ACC_0843,Primary
PER_0869,ACC_1122,Primary
PER_0869,ACC_0302,Benami
PER_0870,ACC_0273,Primary
PER_0870,ACC_0756,Primary
PER_0871,ACC_0035,Primary
PER_0871,ACC_1079,Benami
PER_0872,ACC_0477,Primary
PER_0873,ACC_0370,Primary
PER_0874,ACC_1017,Primary
PER_0875,ACC_0036,Benami
PER_0875,ACC_0647,Primary
PER_0876,ACC_1096,Primary
PER_0877,ACC_0138,Benami
PER_0878,ACC_0138,Primary
PER_0878,ACC_0443,Primary
PER_0879,ACC_0067,Primary
PER_0879,ACC_0632,Primary
PER_0880,ACC_0437,Primary
PER_0881,ACC_0519,Primary
PER_0882,ACC_0344,Primary
PER_0882,ACC_0535,Primary
PER_0883,ACC_0006,Benami
PER_0884,ACC_0578,Benami
PER_0884,ACC_0212,Primary
PER_0885,ACC_0463,Primary
PER_0886,ACC_0463,Primary
PER_0886,ACC_0732,Primary
PER_0887,ACC_0848,Primary
PER_0887,ACC_0636,Primary
PER_0888,ACC_0620,Benami
PER_0888,ACC_0196,Primary
PER_0889,ACC_0157,Primary
PER_0889,ACC_1036,Benami
PER_0890,ACC_1053,Benami
PER_0890,ACC_0766,Primary
PER_0891,ACC_0652,Primary
PER_0891,ACC_1095,Primary
PER_0892,ACC_0344,Primary
PER_0892,ACC_0244,Primary
PER_0893,ACC_0119,Primary
PER_0893,ACC_1183,Primary
PER_0894,ACC_0350,Primary
PER_0895,ACC_0677,Primary
PER_0895,ACC_0740,Primary
PER_0896,ACC_0772,Primary
PER_0897,ACC_0441,Primary
PER_0898,ACC_0452,Primary
PER_0899,ACC_1122,Primary
PER_0900,ACC_0114,Primary
PER_0901,ACC_0529,Primary
PER_0902,ACC_0531,Benami
PER_0903,ACC_0639,Primary
PER_0904,ACC_0758,Primary
PER_0905,ACC_0107,Primary
PER_0906,ACC_0356,Benami
PER_0907,ACC_0317,Primary
PER_0907,ACC_0968,Benami
PER_0908,ACC_0606,Primary
PER_0909,ACC_0403,Benami
PER_0910,ACC_0730,Benami
PER_0910,ACC_0743,Benami
PER_0911,ACC_0657,Benami
PER_0912,ACC_0121,Primary
PER_0913,ACC_0022,Primary
PER_0913,ACC_0922,Benami
PER_0914,ACC_0098,Primary
PER_0915,ACC_0739,Primary
PER_0915,ACC_1125,Primary
PER_0916,ACC_0936,Primary
PER_0916,ACC_0834,Primary
PER_0917,ACC_0626,Primary
PER_0918,ACC_0246,Primary
PER_0918,ACC_1144,Benami
PER_0919,ACC_0290,Primary
PER_0920,ACC_0699,Benami
PER_0920,ACC_0313,Primary
PER_0921,ACC_0211,Benami
PER_0922,ACC_0784,Primary
PER_0923,ACC_0192,Benami
PER_0923,ACC_0036,Primary
PER_0924,ACC_0328,Primary
PER_0925,ACC_0253,Primary
PER_0926,ACC_0855,Primary
PER_0927,ACC_0312,Primary
PER_0928,ACC_0729,Benami
PER_0928,ACC_0824,Primary
PER_0929,ACC_0300,Primary
PER_0929,ACC_0063,Primary
PER_0930,ACC_1174,Primary
PER_0930,ACC_0177,Benami
PER_0931,ACC_0285,Primary
PER_0932,ACC_1009,Primary
PER_0932,ACC_0266,Primary
PER_0933,ACC_0101,Benami
PER_0933,ACC_0413,Benami
PER_0934,ACC_0548,Primary
PER_0934,ACC_1145,Primary
PER_0935,ACC_0521,Primary
PER_0936,ACC_0251,Primary
PER_0936,ACC_0297,Benami
PER_0937,ACC_0382,Primary
PER_0937,ACC_0092,Primary
PER_0938,ACC_0302,Primary
PER_0939,ACC_0033,Benami
PER_0939,ACC_0779,Primary
PER_0940,ACC_0373,Benami
PER_0941,ACC_0735,Primary
PER_0941,ACC_0616,Benami
PER_0942,ACC_0699,Primary
PER_0942,ACC_0086,Benami
PER_0943,ACC_1030,Primary
PER_0944,ACC_0893,Primary
PER_0944,ACC_0804,Benami
PER_0945,ACC_0193,Primary
PER_0946,ACC_0726,Primary
PER_0946,ACC_0884,Benami
PER_0947,ACC_1088,Primary
PER_0947,ACC_1042,Primary
PER_0948,ACC_0712,Primary
PER_0948,ACC_0872,Primary
PER_0949,ACC_0152,Benami
PER_0950,ACC_0854,Primary
PER_0951,ACC_0048,Primary
PER_0952,ACC_0397,Primary
PER_0953,ACC_0573,Primary
PER_0954,ACC_0916,Primary
PER_0954,ACC_0164,Primary
PER_0955,ACC_1043,Benami
PER_0956,ACC_0249,Primary
PER_0956,ACC_0526,Primary
PER_0957,ACC_0504,Benami
PER_0957,ACC_1148,Primary
PER_0958,ACC_0631,Primary
PER_0958,ACC_0151,Primary
PER_0959,ACC_0942,Primary
PER_0959,ACC_1154,Primary
PER_0960,ACC_0631,Primary
PER_0961,ACC_0735,Primary
PER_0962,ACC_0972,Primary
PER_0962,ACC_0441,Primary
PER_0963,ACC_0453,Primary
PER_0963,ACC_0259,Primary
PER_0964,ACC_1140,Benami
PER_0965,ACC_1083,Primary
PER_0965,ACC_0848,Primary
PER_0966,ACC_0342,Primary
PER_0967,ACC_0326,Primary
PER_0968,ACC_1099,Primary
PER_0969,ACC_1080,Benami
PER_0970,ACC_0765,Benami
PER_0971,ACC_1045,Primary
PER_0971,ACC_1054,Primary
PER_0972,ACC_0866,Primary
PER_0972,ACC_0994,Primary
PER_0973,ACC_0818,Benami
PER_0974,ACC_0983,Primary
PER_0975,ACC_1177,Primary
PER_0975,ACC_0667,Primary
PER_0976,ACC_0163,Benami
PER_0977,ACC_0167,Primary
PER_0978,ACC_0706,Primary
PER_0978,ACC_0676,Benami
PER_0979,ACC_0563,Primary
PER_0979,ACC_1101,Primary
PER_0980,ACC_0132,Primary
PER_0981,ACC_1079,Primary
PER_0981,ACC_0791,Primary
PER_0982,ACC_0878,Primary
PER_0983,ACC_0242,Primary
PER_0984,ACC_0870,Primary
PER_0984,ACC_0527,Benami
PER_0985,ACC_0729,Benami
PER_0985,ACC_0652,Primary
PER_0986,ACC_0637,Primary
PER_0986,ACC_0229,Primary
PER_0987,ACC_0487,Primary
PER_0987,ACC_0017,Benami
PER_0988,ACC_0719,Primary
PER_0989,ACC_0125,Primary
PER_0990,ACC_0393,Benami
PER_0990,ACC_0078,Primary
PER_0991,ACC_0318,Primary
PER_0991,ACC_0354,Benami
PER_0992,ACC_1109,Primary
PER_0992,ACC_0441,Primary
PER_0993,ACC_0983,Primary
PER_0994,ACC_1163,Primary
PER_0995,ACC_0893,Primary
PER_0995,ACC_0101,Primary
PER_0996,ACC_0563,Benami
PER_0997,ACC_0403,Primary
PER_0998,ACC_0148,Primary
PER_0999,ACC_0449,Primary
PER_0999,ACC_0899,Primary
PER_1000,ACC_0820,Benami
PER_1000,ACC_0996,Primary
