person_id,org_id,role_in_org
PER_0001,ORG_0094,Enforcer
PER_0002,ORG_0041,Lieutenant
PER_0003,ORG_0112,Associate
PER_0004,ORG_0043,Informant
PER_0005,ORG_0008,Lieutenant
PER_0006,ORG_0075,Courier
PER_0007,ORG_0019,Informant
PER_0008,ORG_0091,Money Launderer
PER_0009,ORG_0005,Informant
PER_0012,ORG_0053,Kingpin
PER_0013,ORG_0101,Smuggler
PER_0014,ORG_0119,Courier
PER_0015,ORG_0095,Associate
PER_0018,ORG_0039,Courier
PER_0020,ORG_0116,Courier
PER_0022,ORG_0070,Enforcer
PER_0023,ORG_0100,Informant
PER_0024,ORG_0007,Smuggler
PER_0025,ORG_0025,Lieutenant
PER_0026,ORG_0100,Enforcer
PER_0027,ORG_0032,Smuggler
PER_0028,ORG_0054,Courier
PER_0029,ORG_0031,Smuggler
PER_0031,ORG_0099,Money Launderer
PER_0032,ORG_0039,Courier
PER_0034,ORG_0007,Lieutenant
PER_0036,ORG_0116,Lieutenant
PER_0037,ORG_0052,Kingpin
PER_0038,ORG_0034,Smuggler
PER_0039,ORG_0119,Associate
PER_0040,ORG_0082,Courier
PER_0041,ORG_0013,Kingpin
PER_0042,ORG_0002,Enforcer
PER_0043,ORG_0096,Smuggler
PER_0044,ORG_0008,Lieutenant
PER_0047,ORG_0112,Lieutenant
PER_0048,ORG_0071,Informant
PER_0049,ORG_0107,Money Launderer
PER_0050,ORG_0111,Lieutenant
PER_0051,ORG_0117,Enforcer
PER_0052,ORG_0073,Money Launderer
PER_0053,ORG_0012,Money Launderer
PER_0054,ORG_0108,Enforcer
PER_0055,ORG_0048,Enforcer
PER_0056,ORG_0014,Enforcer
PER_0057,ORG_0078,Smuggler
PER_0058,ORG_0005,Enforcer
PER_0059,ORG_0013,Kingpin
PER_0060,ORG_0095,Smuggler
PER_0061,ORG_0089,Smuggler
PER_0062,ORG_0031,Smuggler
PER_0064,ORG_0008,Informant
PER_0065,ORG_0093,Money Launderer
PER_0066,ORG_0106,Associate
PER_0067,ORG_0100,Kingpin
PER_0068,ORG_0099,Smuggler
PER_0069,ORG_0032,Lieutenant
PER_0070,ORG_0010,Informant
PER_0071,ORG_0028,Associate
PER_0072,ORG_0049,Kingpin
PER_0073,ORG_0064,Informant
PER_0075,ORG_0105,Informant
PER_0076,ORG_0039,Smuggler
PER_0078,ORG_0092,Associate
PER_0079,ORG_0038,Courier
PER_0080,ORG_0112,Courier
PER_0081,ORG_0020,Associate
PER_0082,ORG_0043,Smuggler
PER_0083,ORG_0120,Money Launderer
PER_0084,ORG_0060,Lieutenant
PER_0086,ORG_0049,Kingpin
PER_0087,ORG_0001,Kingpin
PER_0088,ORG_0051,Money Launderer
PER_0091,ORG_0083,Enforcer
PER_0092,ORG_0019,Kingpin
PER_0093,ORG_0093,Money Launderer
PER_0096,ORG_0021,Kingpin
PER_0097,ORG_0098,Smuggler
PER_0099,ORG_0081,Lieutenant
PER_0100,ORG_0101,Money Launderer
PER_0101,ORG_0009,Smuggler
PER_0103,ORG_0111,Informant
PER_0104,ORG_0095,Informant
PER_0106,ORG_0114,Money Launderer
PER_0107,ORG_0029,Smuggler
PER_0108,ORG_0001,Informant
PER_0109,ORG_0009,Money Launderer
PER_0110,ORG_0109,Courier
PER_0111,ORG_0105,Courier
PER_0112,ORG_0084,Smuggler
PER_0113,ORG_0007,Associate
PER_0114,ORG_0018,Money Launderer
PER_0115,ORG_0052,Enforcer
PER_0116,ORG_0068,Money Launderer
PER_0118,ORG_0103,Money Launderer
PER_0119,ORG_0089,Kingpin
PER_0120,ORG_0060,Kingpin
PER_0121,ORG_0109,Lieutenant
PER_0122,ORG_0007,Money Launderer
PER_0124,ORG_0060,Associate
PER_0126,ORG_0017,Enforcer
PER_0127,ORG_0013,Courier
PER_0129,ORG_0083,Smuggler
PER_0130,ORG_0095,Enforcer
PER_0131,ORG_0052,Money Launderer
PER_0132,ORG_0004,Money Launderer
PER_0133,ORG_0058,Associate
PER_0134,ORG_0041,Kingpin
PER_0135,ORG_0047,Enforcer
PER_0136,ORG_0103,Associate
PER_0137,ORG_0015,Informant
PER_0138,ORG_0105,Courier
PER_0141,ORG_0116,Informant
PER_0142,ORG_0027,Smuggler
PER_0143,ORG_0031,Courier
PER_0144,ORG_0094,Kingpin
PER_0145,ORG_0120,Lieutenant
PER_0146,ORG_0059,Money Launderer
PER_0147,ORG_0094,Enforcer
PER_0148,ORG_0086,Associate
PER_0149,ORG_0046,Courier
PER_0151,ORG_0014,Associate
PER_0152,ORG_0096,Associate
PER_0153,ORG_0104,Informant
PER_0154,ORG_0054,Kingpin
PER_0155,ORG_0025,Money Launderer
PER_0156,ORG_0016,Associate
PER_0157,ORG_0094,Smuggler
PER_0159,ORG_0034,Kingpin
PER_0160,ORG_0037,Enforcer
PER_0161,ORG_0078,Enforcer
PER_0162,ORG_0111,Enforcer
PER_0163,ORG_0119,Courier
PER_0164,ORG_0087,Money Launderer
PER_0165,ORG_0084,Money Launderer
PER_0166,ORG_0028,Informant
PER_0167,ORG_0048,Kingpin
PER_0168,ORG_0075,Money Launderer
PER_0169,ORG_0097,Smuggler
PER_0171,ORG_0099,Enforcer
PER_0174,ORG_0090,Courier
PER_0175,ORG_0033,Associate
PER_0176,ORG_0074,Lieutenant
PER_0178,ORG_0063,Informant
PER_0181,ORG_0075,Enforcer
PER_0182,ORG_0027,Associate
PER_0183,ORG_0087,Courier
PER_0185,ORG_0032,Informant
PER_0186,ORG_0062,Lieutenant
PER_0187,ORG_0006,Kingpin
PER_0188,ORG_0051,Smuggler
PER_0189,ORG_0066,Smuggler
PER_0190,ORG_0093,Enforcer
PER_0191,ORG_0048,Kingpin
PER_0192,ORG_0043,Enforcer
PER_0193,ORG_0023,Lieutenant
PER_0194,ORG_0022,Smuggler
PER_0196,ORG_0036,Associate
PER_0197,ORG_0063,Lieutenant
PER_0198,ORG_0065,Informant
PER_0202,ORG_0086,Money Launderer
PER_0203,ORG_0038,Lieutenant
PER_0204,ORG_0016,Kingpin
PER_0205,ORG_0074,Associate
PER_0206,ORG_0103,Lieutenant
PER_0208,ORG_0011,Associate
PER_0209,ORG_0059,Money Launderer
PER_0210,ORG_0043,Informant
PER_0211,ORG_0002,Enforcer
PER_0212,ORG_0073,Associate
PER_0213,ORG_0088,Lieutenant
PER_0214,ORG_0109,Lieutenant
PER_0215,ORG_0108,Money Launderer
PER_0216,ORG_0083,Courier
PER_0218,ORG_0062,Money Launderer
PER_0219,ORG_0064,Associate
PER_0220,ORG_0100,Informant
PER_0221,ORG_0011,Lieutenant
PER_0222,ORG_0027,Associate
PER_0225,ORG_0039,Money Launderer
PER_0226,ORG_0027,Lieutenant
PER_0227,ORG_0065,Enforcer
PER_0228,ORG_0010,Enforcer
PER_0230,ORG_0046,Lieutenant
PER_0232,ORG_0116,Money Launderer
PER_0233,ORG_0021,Courier
PER_0235,ORG_0005,Informant
PER_0236,ORG_0025,Smuggler
PER_0237,ORG_0090,Informant
PER_0238,ORG_0058,Kingpin
PER_0239,ORG_0054,Associate
PER_0241,ORG_0026,Enforcer
PER_0244,ORG_0114,Courier
PER_0245,ORG_0059,Lieutenant
PER_0246,ORG_0104,Enforcer
PER_0247,ORG_0041,Enforcer
PER_0248,ORG_0052,Smuggler
PER_0249,ORG_0035,Smuggler
PER_0250,ORG_0119,Courier
PER_0251,ORG_0118,Enforcer
PER_0252,ORG_0103,Informant
PER_0254,ORG_0009,Enforcer
PER_0257,ORG_0096,Informant
PER_0258,ORG_0034,Courier
PER_0259,ORG_0045,Kingpin
PER_0260,ORG_0075,Associate
PER_0262,ORG_0001,Courier
PER_0264,ORG_0010,Associate
PER_0265,ORG_0113,Kingpin
PER_0266,ORG_0054,Informant
PER_0267,ORG_0080,Lieutenant
PER_0268,ORG_0028,Informant
PER_0269,ORG_0098,Courier
PER_0270,ORG_0081,Courier
PER_0271,ORG_0048,Informant
PER_0272,ORG_0042,Smuggler
PER_0273,ORG_0040,Informant
PER_0274,ORG_0114,Associate
PER_0275,ORG_0013,Money Launderer
PER_0277,ORG_0005,Money Launderer
PER_0278,ORG_0039,Courier
PER_0279,ORG_0051,Kingpin
PER_0282,ORG_0053,Kingpin
PER_0283,ORG_0120,Lieutenant
PER_0284,ORG_0021,Smuggler
PER_0285,ORG_0039,Associate
PER_0286,ORG_0043,Smuggler
PER_0287,ORG_0037,Enforcer
PER_0288,ORG_0021,Lieutenant
PER_0292,ORG_0091,Courier
PER_0293,ORG_0050,Associate
PER_0294,ORG_0090,Lieutenant
PER_0296,ORG_0073,Kingpin
PER_0297,ORG_0063,Smuggler
PER_0298,ORG_0011,Money Launderer
PER_0299,ORG_0032,Enforcer
PER_0300,ORG_0030,Informant
PER_0301,ORG_0050,Money Launderer
PER_0302,ORG_0118,Money Launderer
PER_0303,ORG_0080,Associate
PER_0304,ORG_0107,Associate
PER_0305,ORG_0061,Informant
PER_0306,ORG_0093,Lieutenant
PER_0307,ORG_0054,Enforcer
PER_0309,ORG_0119,Courier
PER_0310,ORG_0110,Associate
PER_0311,ORG_0007,Kingpin
PER_0312,ORG_0100,Lieutenant
PER_0313,ORG_0051,Informant
PER_0316,ORG_0098,Informant
PER_0317,ORG_0095,Associate
PER_0319,ORG_0022,Informant
PER_0320,ORG_0014,Courier
PER_0321,ORG_0052,Lieutenant
PER_0323,ORG_0116,Enforcer
PER_0324,ORG_0056,Lieutenant
PER_0325,ORG_0107,Smuggler
PER_0327,ORG_0117,Informant
PER_0328,ORG_0016,Money Launderer
PER_0330,ORG_0056,Courier
PER_0331,ORG_0094,Lieutenant
PER_0332,ORG_0018,Enforcer
PER_0333,ORG_0077,Courier
PER_0334,ORG_0009,Money Launderer
PER_0335,ORG_0056,Smuggler
PER_0336,ORG_0113,Associate
PER_0337,ORG_0015,Kingpin
PER_0338,ORG_0079,Courier
PER_0340,ORG_0061,Kingpin
PER_0341,ORG_0073,Kingpin
PER_0343,ORG_0095,Informant
PER_0344,ORG_0076,Smuggler
PER_0347,ORG_0015,Associate
PER_0348,ORG_0014,Smuggler
PER_0349,ORG_0021,Informant
PER_0350,ORG_0117,Smuggler
PER_0351,ORG_0065,Money Launderer
PER_0356,ORG_0047,Courier
PER_0357,ORG_0051,Courier
PER_0358,ORG_0075,Kingpin
PER_0361,ORG_0053,Associate
PER_0362,ORG_0001,Associate
PER_0363,ORG_0107,Enforcer
PER_0365,ORG_0014,Courier
PER_0366,ORG_0114,Smuggler
PER_0369,ORG_0083,Kingpin
PER_0370,ORG_0040,Smuggler
PER_0371,ORG_0065,Smuggler
PER_0372,ORG_0067,Informant
PER_0373,ORG_0047,Money Launderer
PER_0374,ORG_0070,Courier
PER_0376,ORG_0060,Courier
PER_0378,ORG_0016,Associate
PER_0379,ORG_0050,Courier
PER_0380,ORG_0086,Kingpin
PER_0381,ORG_0078,Smuggler
PER_0382,ORG_0117,Smuggler
PER_0383,ORG_0035,Smuggler
PER_0384,ORG_0074,Associate
PER_0386,ORG_0041,Associate
PER_0390,ORG_0115,Courier
PER_0393,ORG_0113,Informant
PER_0396,ORG_0113,Smuggler
PER_0397,ORG_0022,Lieutenant
PER_0398,ORG_0031,Smuggler
PER_0399,ORG_0070,Lieutenant
PER_0400,ORG_0092,Kingpin
PER_0401,ORG_0094,Informant
PER_0403,ORG_0113,Kingpin
PER_0404,ORG_0033,Associate
PER_0405,ORG_0051,Associate
PER_0406,ORG_0011,Lieutenant
PER_0407,ORG_0100,Lieutenant
PER_0409,ORG_0041,Associate
PER_0410,ORG_0107,Money Launderer
PER_0411,ORG_0113,Lieutenant
PER_0412,ORG_0031,Lieutenant
PER_0413,ORG_0057,Associate
PER_0414,ORG_0105,Informant
PER_0415,ORG_0050,Lieutenant
PER_0417,ORG_0080,Lieutenant
PER_0418,ORG_0026,Lieutenant
PER_0419,ORG_0082,Smuggler
PER_0420,ORG_0085,Informant
PER_0421,ORG_0069,Enforcer
PER_0422,ORG_0091,Associate
PER_0423,ORG_0055,Smuggler
PER_0424,ORG_0117,Smuggler
PER_0425,ORG_0007,Courier
PER_0426,ORG_0090,Lieutenant
PER_0427,ORG_0111,Money Launderer
PER_0428,ORG_0111,Lieutenant
PER_0431,ORG_0023,Kingpin
PER_0432,ORG_0108,Lieutenant
PER_0433,ORG_0003,Enforcer
PER_0434,ORG_0028,Lieutenant
PER_0435,ORG_0113,Smuggler
PER_0436,ORG_0110,Courier
PER_0438,ORG_0105,Enforcer
PER_0439,ORG_0077,Enforcer
PER_0440,ORG_0064,Smuggler
PER_0441,ORG_0019,Smuggler
PER_0442,ORG_0060,Enforcer
PER_0443,ORG_0018,Courier
PER_0444,ORG_0024,Lieutenant
PER_0445,ORG_0038,Money Launderer
PER_0446,ORG_0056,Smuggler
PER_0447,ORG_0086,Associate
PER_0448,ORG_0076,Courier
PER_0449,ORG_0076,Enforcer
PER_0451,ORG_0056,Courier
PER_0452,ORG_0097,Courier
PER_0453,ORG_0030,Smuggler
PER_0454,ORG_0041,Courier
PER_0455,ORG_0029,Informant
PER_0456,ORG_0014,Associate
PER_0457,ORG_0022,Informant
PER_0458,ORG_0066,Smuggler
PER_0459,ORG_0117,Enforcer
PER_0460,ORG_0025,Money Launderer
PER_0461,ORG_0081,Money Launderer
PER_0463,ORG_0071,Informant
PER_0464,ORG_0067,Money Launderer
PER_0466,ORG_0095,Courier
PER_0467,ORG_0036,Courier
PER_0469,ORG_0046,Informant
PER_0470,ORG_0059,Kingpin
PER_0471,ORG_0030,Enforcer
PER_0473,ORG_0048,Informant
PER_0474,ORG_0010,Associate
PER_0475,ORG_0093,Lieutenant
PER_0476,ORG_0075,Courier
PER_0477,ORG_0087,Courier
PER_0480,ORG_0091,Enforcer
PER_0481,ORG_0008,Courier
PER_0482,ORG_0105,Associate
PER_0483,ORG_0110,Lieutenant
PER_0484,ORG_0001,Money Launderer
PER_0485,ORG_0048,Kingpin
PER_0487,ORG_0118,Informant
PER_0488,ORG_0039,Courier
PER_0489,ORG_0085,Money Launderer
PER_0490,ORG_0079,Associate
PER_0491,ORG_0052,Enforcer
PER_0493,ORG_0049,Lieutenant
PER_0494,ORG_0091,Lieutenant
PER_0495,ORG_0017,Money Launderer
PER_0496,ORG_0031,Kingpin
PER_0497,ORG_0002,Money Launderer
PER_0498,ORG_0117,Lieutenant
PER_0499,ORG_0010,Lieutenant
PER_0500,ORG_0106,Kingpin
PER_0501,ORG_0036,Lieutenant
PER_0502,ORG_0036,Kingpin
PER_0503,ORG_0021,Enforcer
PER_0504,ORG_0075,Associate
PER_0505,ORG_0013,Lieutenant
PER_0507,ORG_0025,Money Launderer
PER_0508,ORG_0096,Kingpin
PER_0509,ORG_0009,Smuggler
PER_0510,ORG_0013,Smuggler
PER_0511,ORG_0027,Kingpin
PER_0512,ORG_0046,Money Launderer
PER_0514,ORG_0119,Associate
PER_0515,ORG_0004,Enforcer
PER_0516,ORG_0064,Associate
PER_0517,ORG_0014,Informant
PER_0518,ORG_0111,Money Launderer
PER_0519,ORG_0055,Lieutenant
PER_0520,ORG_0097,Informant
PER_0521,ORG_0078,Lieutenant
PER_0523,ORG_0094,Informant
PER_0526,ORG_0114,Smuggler
PER_0527,ORG_0019,Lieutenant
PER_0529,ORG_0054,Informant
PER_0530,ORG_0063,Associate
PER_0531,ORG_0101,Associate
PER_0532,ORG_0112,Enforcer
PER_0533,ORG_0006,Courier
PER_0534,ORG_0026,Smuggler
PER_0535,ORG_0106,Courier
PER_0536,ORG_0028,Informant
PER_0537,ORG_0070,Courier
PER_0539,ORG_0057,Associate
PER_0541,ORG_0068,Enforcer
PER_0542,ORG_0084,Courier
PER_0543,ORG_0097,Courier
PER_0544,ORG_0111,Informant
PER_0545,ORG_0057,Lieutenant
PER_0546,ORG_0110,Associate
PER_0547,ORG_0113,Enforcer
PER_0549,ORG_0010,Enforcer
PER_0550,ORG_0057,Associate
PER_0551,ORG_0075,Smuggler
PER_0552,ORG_0097,Lieutenant
PER_0553,ORG_0115,Lieutenant
PER_0554,ORG_0010,Smuggler
PER_0556,ORG_0027,Associate
PER_0557,ORG_0014,Smuggler
PER_0558,ORG_0069,Money Launderer
PER_0559,ORG_0021,Enforcer
PER_0560,ORG_0007,Courier
PER_0561,ORG_0094,Associate
PER_0562,ORG_0101,Associate
PER_0563,ORG_0114,Lieutenant
PER_0564,ORG_0107,Associate
PER_0566,ORG_0119,Associate
PER_0567,ORG_0066,Enforcer
PER_0568,ORG_0032,Money Launderer
PER_0569,ORG_0039,Enforcer
PER_0570,ORG_0048,Associate
PER_0571,ORG_0087,Associate
PER_0577,ORG_0070,Courier
PER_0580,ORG_0055,Associate
PER_0582,ORG_0061,Associate
PER_0583,ORG_0083,Courier
PER_0584,ORG_0025,Money Launderer
PER_0587,ORG_0074,Informant
PER_0588,ORG_0118,Associate
PER_0589,ORG_0027,Smuggler
PER_0590,ORG_0003,Informant
PER_0591,ORG_0083,Lieutenant
PER_0592,ORG_0064,Enforcer
PER_0593,ORG_0093,Enforcer
PER_0594,ORG_0040,Kingpin
PER_0597,ORG_0112,Kingpin
PER_0600,ORG_0001,Informant
PER_0602,ORG_0015,Money Launderer
PER_0604,ORG_0047,Kingpin
PER_0605,ORG_0096,Kingpin
PER_0606,ORG_0039,Courier
PER_0608,ORG_0098,Enforcer
PER_0609,ORG_0019,Smuggler
PER_0610,ORG_0017,Money Launderer
PER_0611,ORG_0077,Lieutenant
PER_0612,ORG_0055,Associate
PER_0613,ORG_0089,Smuggler
PER_0614,ORG_0085,Enforcer
PER_0616,ORG_0100,Enforcer
PER_0618,ORG_0098,Kingpin
PER_0619,ORG_0098,Smuggler
PER_0620,ORG_0075,Informant
PER_0621,ORG_0092,Enforcer
PER_0622,ORG_0109,Informant
PER_0623,ORG_0063,Smuggler
PER_0624,ORG_0095,Enforcer
PER_0625,ORG_0048,Informant
PER_0626,ORG_0028,Kingpin
PER_0627,ORG_0060,Kingpin
PER_0628,ORG_0017,Money Launderer
PER_0629,ORG_0078,Kingpin
PER_0630,ORG_0069,Enforcer
PER_0631,ORG_0029,Money Launderer
PER_0632,ORG_0083,Money Launderer
PER_0633,ORG_0021,Enforcer
PER_0635,ORG_0029,Courier
PER_0637,ORG_0076,Kingpin
PER_0638,ORG_0044,Informant
PER_0639,ORG_0053,Enforcer
PER_0640,ORG_0104,Money Launderer
PER_0641,ORG_0083,Associate
PER_0642,ORG_0059,Courier
PER_0643,ORG_0029,Kingpin
PER_0644,ORG_0069,Courier
PER_0645,ORG_0088,Informant
PER_0647,ORG_0075,Smuggler
PER_0648,ORG_0100,Lieutenant
PER_0649,ORG_0087,Associate
PER_0651,ORG_0102,Informant
PER_0653,ORG_0104,Courier
PER_0654,ORG_0043,Courier
PER_0655,ORG_0117,Kingpin
PER_0656,ORG_0099,Courier
PER_0657,ORG_0082,Informant
PER_0658,ORG_0085,Courier
PER_0659,ORG_0018,Money Launderer
PER_0661,ORG_0106,Smuggler
PER_0662,ORG_0025,Smuggler
PER_0663,ORG_0075,Lieutenant
PER_0666,ORG_0033,Enforcer
PER_0668,ORG_0067,Smuggler
PER_0669,ORG_0054,Enforcer
PER_0670,ORG_0002,Smuggler
PER_0673,ORG_0082,Associate
PER_0675,ORG_0059,Enforcer
PER_0676,ORG_0036,Money Launderer
PER_0678,ORG_0045,Money Launderer
PER_0679,ORG_0084,Informant
PER_0680,ORG_0044,Courier
PER_0681,ORG_0087,Smuggler
PER_0682,ORG_0037,Lieutenant
PER_0683,ORG_0109,Kingpin
PER_0685,ORG_0118,Informant
PER_0686,ORG_0076,Lieutenant
PER_0687,ORG_0059,Lieutenant
PER_0688,ORG_0065,Lieutenant
PER_0689,ORG_0069,Money Launderer
PER_0690,ORG_0076,Informant
PER_0691,ORG_0022,Associate
PER_0692,ORG_0115,Money Launderer
PER_0693,ORG_0103,Kingpin
PER_0695,ORG_0095,Smuggler
PER_0697,ORG_0087,Courier
PER_0698,ORG_0119,Money Launderer
PER_0699,ORG_0099,Associate
PER_0700,ORG_0040,Kingpin
PER_0701,ORG_0009,Lieutenant
PER_0702,ORG_0101,Lieutenant
PER_0704,ORG_0089,Money Launderer
PER_0705,ORG_0086,Informant
PER_0706,ORG_0089,Kingpin
PER_0708,ORG_0013,Enforcer
PER_0709,ORG_0003,Enforcer
PER_0710,ORG_0040,Lieutenant
PER_0711,ORG_0053,Courier
PER_0712,ORG_0067,Lieutenant
PER_0713,ORG_0035,Informant
PER_0715,ORG_0099,Smuggler
PER_0716,ORG_0106,Informant
PER_0717,ORG_0064,Courier
PER_0719,ORG_0071,Lieutenant
PER_0720,ORG_0011,Associate
PER_0724,ORG_0100,Enforcer
PER_0726,ORG_0042,Smuggler
PER_0727,ORG_0007,Courier
PER_0728,ORG_0085,Money Launderer
PER_0729,ORG_0101,Associate
PER_0730,ORG_0060,Lieutenant
PER_0731,ORG_0040,Informant
PER_0732,ORG_0085,Enforcer
PER_0733,ORG_0068,Smuggler
PER_0734,ORG_0079,Lieutenant
PER_0735,ORG_0085,Courier
PER_0736,ORG_0077,Kingpin
PER_0737,ORG_0087,Enforcer
PER_0739,ORG_0100,Courier
PER_0741,ORG_0030,Courier
PER_0742,ORG_0013,Lieutenant
PER_0743,ORG_0057,Courier
PER_0744,ORG_0113,Lieutenant
PER_0745,ORG_0120,Associate
PER_0746,ORG_0019,Smuggler
PER_0747,ORG_0108,Lieutenant
PER_0748,ORG_0037,Lieutenant
PER_0749,ORG_0037,Kingpin
PER_0750,ORG_0016,Smuggler
PER_0752,ORG_0025,Informant
PER_0754,ORG_0099,Associate
PER_0755,ORG_0032,Enforcer
PER_0758,ORG_0046,Kingpin
PER_0759,ORG_0105,Kingpin
PER_0760,ORG_0066,Smuggler
PER_0761,ORG_0022,Smuggler
PER_0762,ORG_0077,Enforcer
PER_0764,ORG_0008,Lieutenant
PER_0766,ORG_0116,Associate
PER_0767,ORG_0035,Lieutenant
PER_0769,ORG_0046,Courier
PER_0770,ORG_0104,Associate
PER_0771,ORG_0038,Informant
PER_0773,ORG_0101,Informant
PER_0774,ORG_0027,Money Launderer
PER_0775,ORG_0041,Smuggler
PER_0777,ORG_0020,Courier
PER_0778,ORG_0010,Courier
PER_0779,ORG_0034,Money Launderer
PER_0782,ORG_0118,Kingpin
PER_0783,ORG_0082,Informant
PER_0785,ORG_0063,Smuggler
PER_0787,ORG_0084,Smuggler
PER_0788,ORG_0007,Enforcer
PER_0789,ORG_0047,Informant
PER_0790,ORG_0023,Kingpin
PER_0792,ORG_0034,Informant
PER_0794,ORG_0101,Enforcer
PER_0795,ORG_0084,Courier
PER_0796,ORG_0032,Courier
PER_0797,ORG_0047,Informant
PER_0798,ORG_0072,Smuggler
PER_0799,ORG_0018,Associate
PER_0800,ORG_0055,Courier
PER_0802,ORG_0014,Lieutenant
PER_0803,ORG_0041,Associate
PER_0804,ORG_0080,Lieutenant
PER_0805,ORG_0079,Money Launderer
PER_0806,ORG_0095,Kingpin
PER_0808,ORG_0011,Courier
PER_0809,ORG_0109,Money Launderer
PER_0810,ORG_0041,Courier
PER_0811,ORG_0098,Kingpin
PER_0812,ORG_0113,Kingpin
PER_0813,ORG_0020,Associate
PER_0814,ORG_0017,Associate
PER_0815,ORG_0080,Associate
PER_0816,ORG_0069,Smuggler
PER_0818,ORG_0075,Courier
PER_0819,ORG_0085,Informant
PER_0820,ORG_0005,Lieutenant
PER_0824,ORG_0076,Lieutenant
PER_0825,ORG_0045,Kingpin
PER_0826,ORG_0089,Kingpin
PER_0827,ORG_0086,Courier
PER_0828,ORG_0081,Kingpin
PER_0829,ORG_0083,Smuggler
PER_0831,ORG_0044,Lieutenant
PER_0833,ORG_0041,Courier
PER_0835,ORG_0086,Informant
PER_0836,ORG_0075,Associate
PER_0837,ORG_0115,Courier
PER_0838,ORG_0058,Informant
PER_0839,ORG_0047,Enforcer
PER_0840,ORG_0102,Informant
PER_0841,ORG_0117,Informant
PER_0844,ORG_0061,Lieutenant
PER_0845,ORG_0062,Courier
PER_0846,ORG_0100,Courier
PER_0847,ORG_0073,Lieutenant
PER_0848,ORG_0102,Lieutenant
PER_0849,ORG_0005,Associate
PER_0850,ORG_0037,Lieutenant
PER_0851,ORG_0007,Smuggler
PER_0852,ORG_0050,Enforcer
PER_0853,ORG_0112,Informant
PER_0854,ORG_0018,Associate
PER_0855,ORG_0070,Informant
PER_0856,ORG_0095,Associate
PER_0857,ORG_0047,Smuggler
PER_0858,ORG_0103,Associate
PER_0859,ORG_0060,Enforcer
PER_0860,ORG_0101,Smuggler
PER_0861,ORG_0072,Enforcer
PER_0862,ORG_0084,Informant
PER_0863,ORG_0084,Lieutenant
PER_0864,ORG_0003,Courier
PER_0865,ORG_0018,Associate
PER_0867,ORG_0033,Kingpin
PER_0870,ORG_0104,Lieutenant
PER_0871,ORG_0094,Lieutenant
PER_0873,ORG_0012,Courier
PER_0874,ORG_0008,Smuggler
PER_0875,ORG_0079,Lieutenant
PER_0876,ORG_0105,Informant
PER_0877,ORG_0108,Courier
PER_0878,ORG_0033,Informant
PER_0879,ORG_0057,Enforcer
PER_0880,ORG_0051,Lieutenant
PER_0881,ORG_0047,Smuggler
PER_0882,ORG_0115,Enforcer
PER_0883,ORG_0091,Kingpin
PER_0884,ORG_0026,Money Launderer
PER_0886,ORG_0008,Associate
PER_0887,ORG_0048,Lieutenant
PER_0889,ORG_0096,Enforcer
PER_0890,ORG_0089,Money Launderer
PER_0891,ORG_0039,Money Launderer
PER_0892,ORG_0082,Associate
PER_0893,ORG_0120,Associate
PER_0894,ORG_0035,Enforcer
PER_0895,ORG_0059,Enforcer
PER_0896,ORG_0046,Informant
PER_0898,ORG_0055,Money Launderer
PER_0900,ORG_0076,Kingpin
PER_0901,ORG_0073,Courier
PER_0902,ORG_0034,Enforcer
PER_0903,ORG_0103,Kingpin
PER_0904,ORG_0090,Smuggler
PER_0905,ORG_0046,Courier
PER_0906,ORG_0046,Associate
PER_0907,ORG_0094,Kingpin
PER_0908,ORG_0015,Smuggler
PER_0910,ORG_0093,Money Launderer
PER_0912,ORG_0037,Enforcer
PER_0913,ORG_0111,Kingpin
PER_0914,ORG_0019,Enforcer
PER_0915,ORG_0014,Informant
PER_0916,ORG_0017,Enforcer
PER_0917,ORG_0120,Enforcer
PER_0918,ORG_0116,Money Launderer
PER_0920,ORG_0027,Courier
PER_0921,ORG_0086,Courier
PER_0922,ORG_0061,Smuggler
PER_0923,ORG_0060,Smuggler
PER_0924,ORG_0105,Enforcer
PER_0925,ORG_0004,Associate
PER_0926,ORG_0036,Enforcer
PER_0927,ORG_0036,Informant
PER_0928,ORG_0050,Lieutenant
PER_0929,ORG_0047,Informant
PER_0932,ORG_0065,Informant
PER_0938,ORG_0017,Informant
PER_0939,ORG_0078,Informant
PER_0941,ORG_0084,Associate
PER_0942,ORG_0082,Informant
PER_0943,ORG_0046,Informant
PER_0945,ORG_0068,Lieutenant
PER_0946,ORG_0018,Money Launderer
PER_0947,ORG_0120,Money Launderer
PER_0948,ORG_0063,Kingpin
PER_0949,ORG_0035,Courier
PER_0951,ORG_0041,Enforcer
PER_0952,ORG_0028,Lieutenant
PER_0953,ORG_0030,Informant
PER_0954,ORG_0113,Money Launderer
PER_0955,ORG_0094,Smuggler
PER_0956,ORG_0092,Enforcer
PER_0957,ORG_0028,Lieutenant
PER_0958,ORG_0099,Money Launderer
PER_0959,ORG_0024,Informant
PER_0961,ORG_0016,Courier
PER_0965,ORG_0022,Informant
PER_0968,ORG_0033,Lieutenant
PER_0969,ORG_0090,Associate
PER_0970,ORG_0113,Associate
PER_0971,ORG_0101,Associate
PER_0972,ORG_0102,Lieutenant
PER_0973,ORG_0044,Informant
PER_0974,ORG_0064,Lieutenant
PER_0976,ORG_0061,Enforcer
PER_0977,ORG_0004,Courier
PER_0978,ORG_0001,Money Launderer
PER_0979,ORG_0072,Kingpin
PER_0981,ORG_0029,Smuggler
PER_0983,ORG_0047,Smuggler
PER_0985,ORG_0108,Courier
PER_0986,ORG_0058,Associate
PER_0987,ORG_0116,Associate
PER_0988,ORG_0017,Associate
PER_0989,ORG_0025,Money Launderer
PER_0990,ORG_0036,Informant
PER_0991,ORG_0095,Money Launderer
PER_0992,ORG_0044,Courier
PER_0994,ORG_0021,Courier
PER_0995,ORG_0059,Money Launderer
PER_0996,ORG_0048,Money Launderer
PER_0997,ORG_0107,Money Launderer
PER_0998,ORG_0004,Lieutenant
PER_0999,ORG_0053,Money Launderer
PER_1000,ORG_0003,Enforcer
