person_id,phone_id,registered_since
PER_0001,PH_1065,2023-03-17
PER_0001,PH_0259,2024-02-27
PER_0002,PH_1214,2021-03-21
PER_0003,PH_0294,2021-04-22
PER_0004,PH_1196,2024-02-10
PER_0004,PH_0948,2023-04-18
PER_0005,PH_0282,2022-04-10
PER_0006,PH_1310,2023-08-04
PER_0007,PH_0168,2021-01-23
PER_0007,PH_0947,2022-05-25
PER_0008,PH_0538,2024-06-13
PER_0008,PH_0674,2021-06-03
PER_0009,PH_0423,2023-02-11
PER_0009,PH_0872,2024-03-27
PER_0010,PH_1072,2022-08-31
PER_0011,PH_0170,2021-10-11
PER_0012,PH_1308,2021-02-16
PER_0013,PH_1082,2023-02-21
PER_0014,PH_0890,2021-06-27
PER_0014,PH_1099,2024-04-19
PER_0015,PH_1184,2022-01-17
PER_0016,PH_1104,2022-03-04
PER_0016,PH_0164,2022-06-07
PER_0017,PH_0047,2024-02-21
PER_0018,PH_0216,2022-11-23
PER_0019,PH_1182,2022-07-30
PER_0019,PH_0097,2022-05-06
PER_0020,PH_1148,2022-10-23
PER_0021,PH_1199,2021-12-10
PER_0021,PH_0426,2024-07-02
PER_0022,PH_0184,2024-07-11
PER_0022,PH_1287,2023-10-18
PER_0023,PH_1034,2024-03-12
PER_0023,PH_1103,2021-02-02
PER_0024,PH_0025,2022-05-10
PER_0024,PH_1370,2021-10-31
PER_0025,PH_1379,2022-09-05
PER_0026,PH_0249,2021-07-09
PER_0027,PH_1198,2021-05-04
PER_0028,PH_0510,2023-04-08
PER_0029,PH_1175,2023-01-07
PER_0030,PH_0276,2022-05-05
PER_0030,PH_1324,2022-06-28
PER_0031,PH_0499,2024-01-29
PER_0032,PH_0087,2021-04-02
PER_0032,PH_1176,2023-12-09
PER_0033,PH_1096,2023-02-20
PER_0033,PH_0207,2024-01-20
PER_0034,PH_0088,2022-03-17
PER_0035,PH_0125,2022-04-11
PER_0035,PH_0278,2021-11-26
PER_0036,PH_0424,2021-04-19
PER_0036,PH_0821,2022-06-18
PER_0037,PH_0422,2024-03-22
PER_0037,PH_0777,2022-09-17
PER_0038,PH_0901,2021-05-03
PER_0039,PH_0715,2023-03-03
PER_0040,PH_1164,2021-11-21
PER_0040,PH_0503,2022-07-03
PER_0041,PH_1268,2021-04-04
PER_0042,PH_1284,2022-06-03
PER_0043,PH_0882,2022-07-24
PER_0043,PH_0186,2023-09-11
PER_0044,PH_0923,2022-01-18
PER_0044,PH_1364,2021-05-14
PER_0045,PH_0791,2022-01-07
PER_0045,PH_0770,2023-06-28
PER_0046,PH_1164,2022-07-09
PER_0046,PH_0381,2022-06-23
PER_0047,PH_0208,2022-08-14
PER_0048,PH_0505,2023-11-21
PER_0048,PH_0805,2023-08-11
PER_0049,PH_1352,2021-07-28
PER_0050,PH_0966,2023-01-26
PER_0051,PH_0936,2021-02-13
PER_0052,PH_1116,2023-07-13
PER_0053,PH_1332,2022-09-29
PER_0053,PH_0775,2021-01-08
PER_0054,PH_0511,2021-10-03
PER_0054,PH_0605,2023-03-21
PER_0055,PH_0774,2024-06-08
PER_0056,PH_0526,2024-06-23
PER_0056,PH_0141,2023-12-31
PER_0057,PH_0157,2021-06-12
PER_0057,PH_0072,2023-08-27
PER_0058,PH_0663,2021-11-15
PER_0058,PH_1300,2022-06-05
PER_0059,PH_0839,2021-03-08
PER_0059,PH_0544,2022-08-03
PER_0060,PH_0077,2021-10-21
PER_0061,PH_0278,2023-02-01
PER_0062,PH_0017,2022-02-15
PER_0063,PH_0997,2022-10-14
PER_0064,PH_0865,2021-07-28
PER_0065,PH_0540,2023-09-12
PER_0066,PH_1386,2022-12-06
PER_0066,PH_0555,2021-06-30
PER_0067,PH_1213,2022-05-08
PER_0068,PH_0045,2023-06-13
PER_0069,PH_1178,2022-10-12
PER_0069,PH_0092,2023-02-09
PER_0070,PH_0533,2023-08-01
PER_0070,PH_1351,2023-09-01
PER_0071,PH_1167,2021-09-27
PER_0072,PH_1036,2023-04-14
PER_0073,PH_1257,2022-12-07
PER_0073,PH_1043,2024-04-03
PER_0074,PH_0656,2021-06-23
PER_0074,PH_0719,2024-01-04
PER_0075,PH_0674,2023-04-16
PER_0076,PH_0279,2021-07-11
PER_0076,PH_1006,2022-12-06
PER_0077,PH_0403,2023-09-25
PER_0077,PH_0044,2022-10-22
PER_0078,PH_0217,2024-03-22
PER_0079,PH_0555,2021-11-12
PER_0079,PH_0072,2022-04-19
PER_0080,PH_1210,2023-02-22
PER_0081,PH_1039,2023-02-06
PER_0082,PH_1124,2022-12-31
PER_0083,PH_1336,2023-03-07
PER_0083,PH_0736,2021-12-12
PER_0084,PH_0440,2022-09-21
PER_0085,PH_0973,2021-01-22
PER_0085,PH_0921,2024-07-12
PER_0086,PH_0194,2024-01-20
PER_0086,PH_0477,2021-01-14
PER_0087,PH_1276,2021-06-25
PER_0088,PH_0396,2024-07-06
PER_0088,PH_1050,2023-09-17
PER_0089,PH_0048,2023-04-27
PER_0089,PH_0382,2021-07-18
PER_0090,PH_0273,2022-02-15
PER_0090,PH_0715,2024-05-08
PER_0091,PH_0081,2022-02-11
PER_0092,PH_1342,2021-09-22
PER_0093,PH_0175,2023-08-08
PER_0094,PH_1337,2022-07-08
PER_0095,PH_0946,2021-01-12
PER_0095,PH_0275,2022-02-22
PER_0096,PH_0136,2021-03-29
PER_0096,PH_0041,2024-01-04
PER_0097,PH_1212,2021-06-04
PER_0097,PH_0558,2023-05-28
PER_0098,PH_0327,2022-02-25
PER_0099,PH_0492,2023-09-27
PER_0099,PH_1129,2021-04-27
PER_0100,PH_1273,2023-01-20
PER_0101,PH_0203,2021-08-13
PER_0101,PH_1300,2021-08-13
PER_0102,PH_1115,2021-02-13
PER_0102,PH_0954,2023-07-02
PER_0103,PH_0310,2022-02-02
PER_0103,PH_0799,2023-06-12
PER_0104,PH_0420,2021-10-03
PER_0104,PH_0376,2022-08-03
PER_0105,PH_1016,2024-07-31
PER_0106,PH_0296,2022-03-26
PER_0106,PH_0380,2021-01-22
PER_0107,PH_1323,2021-11-29
PER_0107,PH_1380,2021-09-25
PER_0108,PH_0205,2023-04-09
PER_0108,PH_0221,2024-07-10
PER_0109,PH_0073,2021-10-26
PER_0110,PH_0784,2022-11-02
PER_0110,PH_1077,2021-06-04
PER_0111,PH_0441,2023-01-08
PER_0111,PH_0103,2021-01-19
PER_0112,PH_1119,2022-09-13
PER_0113,PH_1337,2021-03-29
PER_0113,PH_0348,2021-08-24
PER_0114,PH_0066,2023-07-13
PER_0115,PH_0485,2024-05-31
PER_0115,PH_0801,2022-10-06
PER_0116,PH_0144,2023-06-07
PER_0117,PH_0403,2023-04-25
PER_0117,PH_0839,2023-06-26
PER_0118,PH_0021,2022-06-11
PER_0119,PH_0975,2022-05-02
PER_0119,PH_1239,2021-02-16
PER_0120,PH_0197,2023-02-08
PER_0121,PH_0280,2022-06-03
PER_0122,PH_0054,2024-05-25
PER_0123,PH_0443,2022-12-18
PER_0123,PH_1261,2021-05-19
PER_0124,PH_0071,2023-10-14
PER_0125,PH_0352,2021-05-26
PER_0125,PH_0329,2021-06-19
PER_0126,PH_1108,2024-06-16
PER_0127,PH_1160,2024-02-29
PER_0127,PH_0085,2023-03-03
PER_0128,PH_0155,2022-08-29
PER_0128,PH_1342,2023-02-09
PER_0129,PH_0381,2021-07-06
PER_0130,PH_0520,2022-05-07
PER_0131,PH_0835,2023-02-10
PER_0131,PH_0230,2021-06-22
PER_0132,PH_1121,2024-06-08
PER_0133,PH_0971,2024-07-19
PER_0134,PH_0932,2022-02-03
PER_0135,PH_0502,2021-03-25
PER_0135,PH_0834,2021-08-13
PER_0136,PH_0618,2022-04-01
PER_0137,PH_0377,2022-07-15
PER_0138,PH_0191,2023-10-04
PER_0139,PH_0032,2022-06-16
PER_0139,PH_0296,2021-10-09
PER_0140,PH_1204,2022-02-24
PER_0141,PH_0291,2024-02-13
PER_0142,PH_1195,2022-02-26
PER_0143,PH_0914,2021-10-08
PER_0143,PH_0972,2022-08-07
PER_0144,PH_0427,2023-11-14
PER_0145,PH_0862,2023-09-24
PER_0146,PH_0647,2021-12-15
PER_0146,PH_0194,2021-07-22
PER_0147,PH_0838,2023-10-10
PER_0147,PH_0162,2022-12-25
PER_0148,PH_1142,2023-11-18
PER_0148,PH_0050,2021-07-28
PER_0149,PH_0707,2023-06-27
PER_0149,PH_0736,2023-04-19
PER_0150,PH_0230,2021-02-27
PER_0150,PH_0783,2021-07-24
PER_0151,PH_0218,2023-06-13
PER_0152,PH_0655,2023-04-15
PER_0153,PH_0350,2024-06-05
PER_0154,PH_1107,2024-03-22
PER_0154,PH_0829,2023-12-29
PER_0155,PH_1243,2022-10-05
PER_0155,PH_1098,2022-02-01
PER_0156,PH_1139,2024-05-14
PER_0156,PH_0877,2023-03-09
PER_0157,PH_0260,2022-12-22
PER_0157,PH_0439,2022-08-13
PER_0158,PH_0020,2023-02-17
PER_0159,PH_0639,2022-02-07
PER_0159,PH_0935,2021-02-06
PER_0160,PH_0898,2024-06-29
PER_0161,PH_1157,2021-06-20
PER_0162,PH_1005,2022-03-29
PER_0163,PH_0176,2022-11-11
PER_0164,PH_0090,2022-09-20
PER_0164,PH_0104,2023-06-07
PER_0165,PH_0805,2023-08-03
PER_0166,PH_0405,2024-05-05
PER_0167,PH_0472,2023-04-20
PER_0167,PH_0571,2022-02-22
PER_0168,PH_0554,2021-03-02
PER_0168,PH_0920,2023-02-23
PER_0169,PH_0241,2021-12-14
PER_0170,PH_0653,2022-11-02
PER_0170,PH_0562,2021-10-19
PER_0171,PH_0020,2021-09-19
PER_0172,PH_0341,2021-11-06
PER_0173,PH_0304,2022-07-13
PER_0173,PH_0030,2022-05-26
PER_0174,PH_0427,2024-03-28
PER_0175,PH_0005,2021-04-05
PER_0176,PH_0038,2023-05-03
PER_0177,PH_0510,2024-03-01
PER_0177,PH_0598,2024-01-15
PER_0178,PH_0929,2023-07-12
PER_0178,PH_0491,2021-06-22
PER_0179,PH_0007,2023-03-13
PER_0180,PH_0249,2022-01-27
PER_0181,PH_0832,2024-05-25
PER_0182,PH_0048,2023-06-20
PER_0183,PH_0788,2023-06-01
PER_0184,PH_0482,2021-08-04
PER_0185,PH_0413,2024-02-27
PER_0185,PH_0936,2024-07-15
PER_0186,PH_1266,2022-08-27
PER_0186,PH_0092,2021-01-14
PER_0187,PH_0615,2021-05-08
PER_0187,PH_1113,2023-05-01
PER_0188,PH_0984,2022-08-27
PER_0188,PH_0529,2022-01-16
PER_0189,PH_0104,2021-02-05
PER_0190,PH_0449,2022-11-07
PER_0190,PH_0511,2021-07-04
PER_0191,PH_0501,2022-11-24
PER_0192,PH_0197,2023-03-25
PER_0193,PH_0652,2021-05-24
PER_0194,PH_0531,2023-02-18
PER_0194,PH_0676,2021-08-08
PER_0195,PH_0308,2021-10-21
PER_0195,PH_0038,2023-09-15
PER_0196,PH_1362,2021-04-17
PER_0196,PH_0025,2022-07-18
PER_0197,PH_0664,2024-03-30
PER_0198,PH_0569,2022-10-04
PER_0199,PH_0062,2022-05-15
PER_0199,PH_0915,2022-08-06
PER_0200,PH_0581,2023-12-30
PER_0200,PH_1192,2022-03-01
PER_0201,PH_0885,2021-08-19
PER_0201,PH_0905,2024-01-18
PER_0202,PH_0196,2021-04-01
PER_0203,PH_0547,2023-09-28
PER_0204,PH_0286,2024-01-03
PER_0205,PH_1039,2021-08-25
PER_0206,PH_1337,2021-12-12
PER_0207,PH_1222,2021-01-02
PER_0207,PH_0592,2021-08-20
PER_0208,PH_0289,2023-04-05
PER_0208,PH_0069,2022-06-23
PER_0209,PH_1018,2022-02-12
PER_0210,PH_0279,2021-12-20
PER_0210,PH_0958,2024-05-11
PER_0211,PH_1305,2022-10-02
PER_0211,PH_0395,2022-04-30
PER_0212,PH_0456,2022-06-20
PER_0213,PH_0036,2022-04-03
PER_0213,PH_0018,2021-05-16
PER_0214,PH_1270,2021-05-28
PER_0215,PH_1130,2023-12-26
PER_0216,PH_0220,2021-06-30
PER_0216,PH_1125,2023-12-03
PER_0217,PH_0143,2021-10-02
PER_0217,PH_1287,2024-05-06
PER_0218,PH_0709,2021-01-28
PER_0218,PH_1157,2022-03-22
PER_0219,PH_0235,2021-04-05
PER_0219,PH_0065,2022-12-23
PER_0220,PH_0449,2021-03-28
PER_0221,PH_0874,2021-02-06
PER_0221,PH_0837,2021-03-25
PER_0222,PH_0262,2023-05-23
PER_0223,PH_1070,2021-08-11
PER_0224,PH_0178,2021-05-20
PER_0224,PH_0061,2024-01-29
PER_0225,PH_0411,2021-07-17
PER_0226,PH_0141,2021-05-20
PER_0226,PH_0719,2021-07-14
PER_0227,PH_1342,2022-02-15
PER_0228,PH_0024,2024-02-17
PER_0228,PH_1020,2022-10-30
PER_0229,PH_0666,2024-06-19
PER_0229,PH_0460,2024-04-14
PER_0230,PH_0640,2024-02-01
PER_0230,PH_0782,2021-03-13
PER_0231,PH_1342,2021-08-13
PER_0231,PH_0364,2022-11-15
PER_0232,PH_0449,2022-04-11
PER_0232,PH_1299,2022-08-18
PER_0233,PH_0220,2023-08-25
PER_0234,PH_0682,2022-01-03
PER_0235,PH_0750,2023-02-15
PER_0236,PH_0634,2023-02-04
PER_0237,PH_0532,2021-12-31
PER_0238,PH_1144,2021-05-10
PER_0238,PH_0864,2023-02-03
PER_0239,PH_1096,2021-09-11
PER_0239,PH_0347,2022-05-09
PER_0240,PH_1392,2021-07-16
PER_0241,PH_1369,2022-09-05
PER_0241,PH_0376,2022-12-05
PER_0242,PH_1044,2022-09-01
PER_0243,PH_0794,2023-12-22
PER_0243,PH_0720,2024-05-01
PER_0244,PH_0313,2022-03-05
PER_0244,PH_0267,2021-04-29
PER_0245,PH_0838,2022-11-18
PER_0245,PH_1118,2023-03-05
PER_0246,PH_1278,2023-01-06
PER_0246,PH_0601,2022-12-27
PER_0247,PH_1357,2021-09-05
PER_0248,PH_1309,2021-11-19
PER_0249,PH_0031,2022-10-04
PER_0249,PH_0075,2021-06-19
PER_0250,PH_1026,2023-01-21
PER_0250,PH_1159,2022-04-14
PER_0251,PH_0258,2022-01-01
PER_0252,PH_0557,2022-04-23
PER_0252,PH_0430,2021-03-25
PER_0253,PH_0859,2023-05-01
PER_0253,PH_0775,2021-08-25
PER_0254,PH_0309,2021-05-15
PER_0255,PH_1305,2022-01-28
PER_0255,PH_0887,2023-07-29
PER_0256,PH_0336,2022-02-03
PER_0256,PH_0731,2023-06-12
PER_0257,PH_0036,2022-09-13
PER_0258,PH_0580,2024-06-25
PER_0258,PH_1317,2021-05-17
PER_0259,PH_0208,2023-11-08
PER_0260,PH_0401,2023-05-06
PER_0260,PH_1120,2021-05-05
PER_0261,PH_0950,2022-01-22
PER_0262,PH_1370,2022-10-29
PER_0263,PH_0629,2021-12-17
PER_0264,PH_1387,2024-05-10
PER_0264,PH_1202,2022-03-23
PER_0265,PH_0133,2023-04-01
PER_0266,PH_1202,2023-04-14
PER_0266,PH_0860,2021-02-06
PER_0267,PH_0830,2024-04-17
PER_0267,PH_0532,2021-01-29
PER_0268,PH_0202,2021-03-09
PER_0268,PH_0207,2021-10-10
PER_0269,PH_0330,2024-06-20
PER_0270,PH_0637,2023-10-17
PER_0270,PH_0402,2024-03-10
PER_0271,PH_0169,2022-01-19
PER_0271,PH_0382,2021-02-15
PER_0272,PH_0823,2021-03-21
PER_0273,PH_1252,2022-10-21
PER_0273,PH_1082,2021-01-07
PER_0274,PH_1018,2021-08-10
PER_0275,PH_1315,2023-02-24
PER_0276,PH_0109,2021-11-11
PER_0276,PH_0120,2021-09-11
PER_0277,PH_0413,2021-06-13
PER_0278,PH_1128,2023-08-26
PER_0278,PH_1213,2023-07-28
PER_0279,PH_0165,2021-05-19
PER_0280,PH_0067,2021-11-23
PER_0280,PH_0028,2022-04-08
PER_0281,PH_0240,2021-06-16
PER_0281,PH_0493,2024-03-11
PER_0282,PH_0203,2024-07-01
PER_0282,PH_1208,2022-12-26
PER_0283,PH_0094,2023-09-07
PER_0283,PH_0215,2024-03-22
PER_0284,PH_0319,2023-11-29
PER_0284,PH_0727,2024-01-17
PER_0285,PH_1040,2022-02-06
PER_0286,PH_1192,2023-10-04
PER_0287,PH_1303,2024-06-30
PER_0287,PH_0956,2023-03-25
PER_0288,PH_0747,2023-09-04
PER_0288,PH_0020,2021-07-07
PER_0289,PH_0422,2022-11-11
PER_0290,PH_0458,2023-04-04
PER_0290,PH_0692,2021-09-15
PER_0291,PH_0047,2023-01-05
PER_0292,PH_1144,2023-04-01
PER_0293,PH_1071,2023-01-03
PER_0293,PH_0008,2021-08-02
PER_0294,PH_1227,2024-01-16
PER_0294,PH_0116,2021-12-19
PER_0295,PH_0230,2021-06-14
PER_0295,PH_0851,2022-10-25
PER_0296,PH_1132,2023-12-09
PER_0297,PH_1261,2023-01-01
PER_0298,PH_0266,2021-11-12
PER_0299,PH_0515,2023-02-01
PER_0299,PH_0986,2024-04-18
PER_0300,PH_1097,2021-11-04
PER_0301,PH_0694,2021-03-04
PER_0301,PH_0465,2022-11-27
PER_0302,PH_1147,2021-01-11
PER_0302,PH_0218,2021-10-10
PER_0303,PH_1121,2023-11-13
PER_0303,PH_0031,2024-01-28
PER_0304,PH_0721,2023-02-17
PER_0304,PH_0954,2021-02-18
PER_0305,PH_0348,2023-10-09
PER_0306,PH_1371,2021-10-29
PER_0306,PH_0601,2024-05-25
PER_0307,PH_0437,2022-09-07
PER_0308,PH_0333,2024-07-04
PER_0309,PH_0801,2023-06-28
PER_0310,PH_0788,2023-07-25
PER_0311,PH_1130,2022-12-10
PER_0311,PH_0722,2022-02-08
PER_0312,PH_1365,2021-01-31
PER_0312,PH_0967,2022-08-28
PER_0313,PH_1398,2022-07-08
PER_0313,PH_1399,2021-04-13
PER_0314,PH_1270,2022-01-18
PER_0314,PH_0243,2023-06-17
PER_0315,PH_0291,2022-05-15
PER_0315,PH_0184,2021-03-27
PER_0316,PH_0833,2022-04-09
PER_0317,PH_0796,2021-04-23
PER_0318,PH_0984,2021-01-15
PER_0319,PH_0405,2022-07-20
PER_0320,PH_1329,2023-03-23
PER_0321,PH_0321,2021-11-26
PER_0321,PH_0578,2023-12-28
PER_0322,PH_1270,2023-04-17
PER_0323,PH_1184,2021-08-01
PER_0324,PH_1110,2023-02-21
PER_0324,PH_0600,2021-04-13
PER_0325,PH_0049,2021-01-16
PER_0326,PH_0220,2023-07-23
PER_0326,PH_0871,2024-06-11
PER_0327,PH_0032,2022-05-07
PER_0328,PH_0096,2021-08-17
PER_0329,PH_0755,2021-04-21
PER_0330,PH_0976,2024-04-01
PER_0330,PH_0747,2024-06-08
PER_0331,PH_0596,2024-01-13
PER_0331,PH_0828,2024-05-18
PER_0332,PH_0474,2023-11-04
PER_0333,PH_0477,2023-05-05
PER_0333,PH_0635,2021-05-21
PER_0334,PH_0007,2022-05-22
PER_0335,PH_0243,2024-03-28
PER_0336,PH_1022,2022-02-08
PER_0336,PH_0862,2024-04-09
PER_0337,PH_1005,2023-02-25
PER_0338,PH_0251,2023-01-04
PER_0338,PH_0656,2022-01-19
PER_0339,PH_0658,2021-08-01
PER_0339,PH_0228,2023-04-29
PER_0340,PH_0920,2023-02-05
PER_0341,PH_0202,2021-12-30
PER_0341,PH_0275,2023-07-10
PER_0342,PH_1153,2023-02-27
PER_0342,PH_1020,2021-06-02
PER_0343,PH_0742,2021-08-29
PER_0343,PH_0532,2022-08-08
PER_0344,PH_1376,2024-06-15
PER_0345,PH_0330,2024-02-15
PER_0345,PH_0466,2022-08-19
PER_0346,PH_0315,2022-04-05
PER_0347,PH_0892,2024-04-13
PER_0347,PH_0758,2022-03-12
PER_0348,PH_0948,2021-08-08
PER_0348,PH_0960,2021-02-26
PER_0349,PH_0133,2021-06-08
PER_0349,PH_0905,2021-02-12
PER_0350,PH_0417,2024-07-08
PER_0350,PH_0126,2023-02-16
PER_0351,PH_0251,2022-08-20
PER_0351,PH_0741,2024-06-05
PER_0352,PH_1336,2023-04-06
PER_0352,PH_0985,2023-09-24
PER_0353,PH_0986,2023-10-30
PER_0354,PH_0444,2021-06-01
PER_0355,PH_0652,2021-12-21
PER_0355,PH_0629,2023-04-04
PER_0356,PH_0381,2022-11-19
PER_0357,PH_0150,2023-02-21
PER_0357,PH_0618,2022-05-19
PER_0358,PH_1376,2022-08-19
PER_0358,PH_0371,2021-03-19
PER_0359,PH_1153,2021-09-26
PER_0360,PH_0532,2023-12-01
PER_0360,PH_0808,2023-04-01
PER_0361,PH_0303,2021-10-16
PER_0361,PH_0924,2023-05-13
PER_0362,PH_0094,2022-10-10
PER_0362,PH_0919,2022-10-28
PER_0363,PH_0279,2022-11-23
PER_0363,PH_0022,2023-10-11
PER_0364,PH_1400,2021-08-12
PER_0364,PH_0424,2023-01-13
PER_0365,PH_0423,2022-06-10
PER_0366,PH_1124,2022-09-15
PER_0367,PH_0856,2022-07-11
PER_0367,PH_0284,2023-07-27
PER_0368,PH_0447,2023-04-02
PER_0369,PH_1033,2023-08-02
PER_0369,PH_0974,2021-03-22
PER_0370,PH_1376,2024-05-23
PER_0370,PH_0062,2022-02-13
PER_0371,PH_1212,2021-12-30
PER_0371,PH_1392,2021-10-01
PER_0372,PH_0686,2024-04-26
PER_0373,PH_0482,2021-01-10
PER_0373,PH_0532,2022-06-23
PER_0374,PH_1075,2024-07-19
PER_0375,PH_0972,2021-11-07
PER_0376,PH_0172,2023-07-16
PER_0376,PH_0671,2022-11-30
PER_0377,PH_0528,2022-05-04
PER_0377,PH_0019,2021-10-26
PER_0378,PH_0843,2021-03-31
PER_0378,PH_0923,2024-02-19
PER_0379,PH_1025,2022-12-21
PER_0379,PH_1220,2023-02-16
PER_0380,PH_0706,2021-09-04
PER_0380,PH_0522,2022-11-09
PER_0381,PH_1202,2023-12-31
PER_0382,PH_0495,2024-07-15
PER_0383,PH_0302,2023-01-11
PER_0383,PH_0371,2021-11-23
PER_0384,PH_0267,2024-02-06
PER_0384,PH_0933,2021-11-17
PER_0385,PH_0123,2024-01-02
PER_0386,PH_0360,2023-09-27
PER_0387,PH_0988,2021-06-10
PER_0388,PH_0154,2024-07-22
PER_0389,PH_0760,2023-02-01
PER_0389,PH_1334,2022-10-24
PER_0390,PH_1008,2021-06-15
PER_0391,PH_0337,2024-04-25
PER_0391,PH_0118,2022-04-03
PER_0392,PH_1264,2023-04-24
PER_0393,PH_0234,2022-02-21
PER_0393,PH_0592,2024-07-24
PER_0394,PH_1182,2021-12-28
PER_0394,PH_1134,2021-02-20
PER_0395,PH_0360,2024-07-21
PER_0395,PH_0213,2022-10-22
PER_0396,PH_0425,2023-06-28
PER_0397,PH_0384,2021-02-15
PER_0398,PH_0847,2023-06-03
PER_0399,PH_0196,2022-02-18
PER_0400,PH_1390,2022-09-10
PER_0401,PH_1015,2021-04-05
PER_0401,PH_0159,2022-10-19
PER_0402,PH_0147,2022-12-01
PER_0403,PH_0040,2024-06-06
PER_0403,PH_0443,2021-05-05
PER_0404,PH_0398,2024-04-24
PER_0404,PH_0913,2021-03-03
PER_0405,PH_0023,2022-03-29
PER_0405,PH_0068,2023-06-26
PER_0406,PH_0428,2021-10-14
PER_0407,PH_0940,2022-01-30
PER_0407,PH_0376,2022-03-11
PER_0408,PH_1183,2021-06-25
PER_0408,PH_0459,2024-06-09
PER_0409,PH_0328,2022-03-09
PER_0409,PH_1154,2024-04-30
PER_0410,PH_0888,2023-05-13
PER_0410,PH_0495,2021-01-09
PER_0411,PH_1153,2021-02-20
PER_0412,PH_0666,2021-04-05
PER_0412,PH_0533,2021-08-31
PER_0413,PH_1262,2024-06-24
PER_0413,PH_1255,2023-05-05
PER_0414,PH_0223,2021-12-07
PER_0414,PH_1237,2024-02-21
PER_0415,PH_0261,2022-12-19
PER_0416,PH_1011,2021-10-07
PER_0417,PH_0328,2023-06-09
PER_0418,PH_0794,2021-12-12
PER_0419,PH_1336,2022-04-09
PER_0419,PH_0098,2024-04-14
PER_0420,PH_0122,2024-07-14
PER_0420,PH_0257,2022-10-31
PER_0421,PH_0927,2023-10-01
PER_0421,PH_0810,2022-05-30
PER_0422,PH_0930,2021-09-16
PER_0423,PH_0729,2023-07-03
PER_0423,PH_0421,2023-01-31
PER_0424,PH_1277,2023-06-30
PER_0424,PH_1284,2022-08-04
PER_0425,PH_0928,2024-01-28
PER_0426,PH_1036,2023-04-29
PER_0427,PH_0618,2022-10-13
PER_0427,PH_0006,2024-03-08
PER_0428,PH_0745,2021-02-03
PER_0428,PH_0846,2021-09-21
PER_0429,PH_1118,2021-01-16
PER_0430,PH_1158,2021-09-24
PER_0431,PH_0340,2021-10-17
PER_0432,PH_0761,2024-04-21
PER_0433,PH_0488,2021-02-20
PER_0433,PH_1270,2022-03-11
PER_0434,PH_1111,2021-02-23
PER_0434,PH_1173,2023-06-28
PER_0435,PH_0356,2021-09-01
PER_0436,PH_0395,2021-11-17
PER_0436,PH_0507,2021-09-27
PER_0437,PH_0344,2022-01-16
PER_0438,PH_0138,2021-08-28
PER_0438,PH_0084,2024-06-11
PER_0439,PH_1336,2022-06-19
PER_0439,PH_0679,2021-04-03
PER_0440,PH_1267,2024-02-08
PER_0441,PH_0692,2022-03-17
PER_0442,PH_1399,2021-12-18
PER_0442,PH_0069,2022-09-21
PER_0443,PH_0427,2021-10-28
PER_0443,PH_1278,2024-03-18
PER_0444,PH_0395,2021-09-09
PER_0445,PH_0505,2021-09-11
PER_0445,PH_0808,2023-07-09
PER_0446,PH_0271,2024-06-15
PER_0446,PH_0015,2023-04-15
PER_0447,PH_0711,2023-05-27
PER_0448,PH_0251,2021-07-16
PER_0449,PH_0554,2021-09-09
PER_0449,PH_0186,2023-06-20
PER_0450,PH_0910,2024-04-26
PER_0451,PH_1226,2022-05-02
PER_0451,PH_0805,2023-08-09
PER_0452,PH_0116,2021-07-03
PER_0453,PH_0498,2023-02-11
PER_0454,PH_0406,2023-01-18
PER_0454,PH_0155,2022-12-16
PER_0455,PH_1205,2022-03-08
PER_0455,PH_0762,2021-09-06
PER_0456,PH_0031,2022-08-20
PER_0457,PH_1220,2024-04-18
PER_0458,PH_1313,2023-05-30
PER_0458,PH_0191,2021-11-12
PER_0459,PH_0701,2024-05-22
PER_0459,PH_1275,2021-06-01
PER_0460,PH_0371,2022-09-07
PER_0461,PH_0156,2021-06-05
PER_0461,PH_0470,2023-01-19
PER_0462,PH_0476,2021-07-19
PER_0462,PH_0821,2022-10-20
PER_0463,PH_0970,2021-08-23
PER_0463,PH_0653,2023-11-04
PER_0464,PH_0516,2021-06-09
PER_0464,PH_0785,2021-08-09
PER_0465,PH_1272,2022-10-24
PER_0466,PH_0919,2024-06-10
PER_0467,PH_0055,2021-01-08
PER_0468,PH_1352,2024-02-27
PER_0469,PH_0646,2022-02-25
PER_0469,PH_0282,2021-04-05
PER_0470,PH_0341,2024-01-01
PER_0471,PH_0129,2022-07-04
PER_0472,PH_0680,2022-07-05
PER_0473,PH_0651,2021-05-27
PER_0474,PH_0430,2021-06-05
PER_0474,PH_0286,2023-06-23
PER_0475,PH_0614,2022-01-05
PER_0476,PH_1060,2022-11-18
PER_0477,PH_1211,2023-09-18
PER_0477,PH_0945,2021-08-05
PER_0478,PH_0955,2021-07-17
PER_0478,PH_1240,2022-08-05
PER_0479,PH_0269,2021-05-26
PER_0479,PH_0315,2023-02-19
PER_0480,PH_0521,2023-09-04
PER_0481,PH_1106,2023-07-07
PER_0481,PH_0225,2021-10-08
PER_0482,PH_0620,2024-04-13
PER_0483,PH_1009,2022-11-02
PER_0483,PH_0085,2023-02-05
PER_0484,PH_1177,2021-11-21
PER_0484,PH_0407,2021-12-31
PER_0485,PH_1207,2023-07-05
PER_0486,PH_0726,2022-07-11
PER_0486,PH_0196,2023-08-18
PER_0487,PH_0340,2022-06-13
PER_0488,PH_1112,2022-03-27
PER_0488,PH_1363,2022-11-05
PER_0489,PH_0118,2022-06-03
PER_0489,PH_1065,2023-09-16
PER_0490,PH_1080,2021-10-26
PER_0490,PH_1087,2024-07-12
PER_0491,PH_0657,2023-12-23
PER_0492,PH_0979,2022-09-21
PER_0492,PH_0277,2024-05-09
PER_0493,PH_0037,2024-02-24
PER_0494,PH_0815,2021-07-14
PER_0494,PH_0988,2023-10-20
PER_0495,PH_0743,2022-04-20
PER_0496,PH_1306,2022-05-11
PER_0497,PH_0165,2022-09-01
PER_0497,PH_1200,2021-09-20
PER_0498,PH_0354,2021-10-13
PER_0499,PH_0018,2023-04-09
PER_0499,PH_0218,2021-10-12
PER_0500,PH_1360,2022-09-23
PER_0500,PH_1302,2021-09-18
PER_0501,PH_0916,2023-05-09
PER_0501,PH_0353,2022-10-01
PER_0502,PH_1207,2024-03-27
PER_0503,PH_0370,2021-01-20
PER_0503,PH_1324,2021-05-21
PER_0504,PH_0333,2022-01-17
PER_0505,PH_0179,2023-06-05
PER_0505,PH_0589,2023-06-10
PER_0506,PH_1217,2021-01-18
PER_0507,PH_1241,2023-12-27
PER_0508,PH_0808,2024-07-15
PER_0508,PH_0349,2023-12-14
PER_0509,PH_0082,2022-09-29
PER_0509,PH_0276,2022-09-12
PER_0510,PH_0538,2024-07-14
PER_0511,PH_0108,2022-07-16
PER_0511,PH_1190,2022-10-31
PER_0512,PH_0380,2021-04-14
PER_0513,PH_0584,2021-03-03
PER_0513,PH_1326,2021-01-30
PER_0514,PH_1259,2021-04-27
PER_0515,PH_0173,2023-06-13
PER_0516,PH_0504,2022-07-30
PER_0517,PH_1104,2023-08-20
PER_0518,PH_0276,2021-09-07
PER_0519,PH_0950,2021-05-15
PER_0519,PH_0192,2023-07-09
PER_0520,PH_0783,2021-01-09
PER_0521,PH_0860,2021-02-03
PER_0522,PH_0945,2023-01-25
PER_0523,PH_0657,2022-09-14
PER_0524,PH_0820,2023-12-01
PER_0524,PH_0228,2024-03-08
PER_0525,PH_0113,2022-11-09
PER_0525,PH_0971,2021-07-21
PER_0526,PH_0577,2024-01-06
PER_0526,PH_0448,2023-03-28
PER_0527,PH_0022,2023-06-09
PER_0527,PH_0031,2022-05-21
PER_0528,PH_0949,2021-09-27
PER_0529,PH_0556,2022-10-21
PER_0530,PH_0911,2024-07-07
PER_0531,PH_1350,2021-12-13
PER_0531,PH_0301,2023-11-12
PER_0532,PH_0422,2021-11-04
PER_0533,PH_0235,2023-09-26
PER_0533,PH_0026,2024-05-16
PER_0534,PH_0580,2022-11-08
PER_0534,PH_0191,2022-04-11
PER_0535,PH_0410,2024-01-17
PER_0536,PH_0797,2022-06-27
PER_0537,PH_0590,2024-03-09
PER_0537,PH_0239,2021-11-02
PER_0538,PH_0366,2022-12-31
PER_0538,PH_0951,2023-10-20
PER_0539,PH_1072,2023-01-11
PER_0539,PH_0742,2022-10-15
PER_0540,PH_0865,2023-12-12
PER_0541,PH_0515,2023-07-28
PER_0542,PH_0369,2021-03-11
PER_0542,PH_1278,2024-06-25
PER_0543,PH_0878,2023-01-06
PER_0543,PH_0143,2022-05-25
PER_0544,PH_0205,2023-05-06
PER_0544,PH_1048,2022-11-17
PER_0545,PH_0178,2024-07-22
PER_0546,PH_1270,2023-05-28
PER_0546,PH_1261,2021-10-21
PER_0547,PH_0614,2023-12-20
PER_0548,PH_0085,2021-09-20
PER_0549,PH_1148,2022-11-23
PER_0549,PH_0449,2022-04-23
PER_0550,PH_0548,2024-04-08
PER_0550,PH_0160,2023-02-10
PER_0551,PH_0449,2022-02-22
PER_0552,PH_0878,2024-05-21
PER_0552,PH_0687,2021-11-02
PER_0553,PH_1173,2022-11-28
PER_0553,PH_0524,2023-06-05
PER_0554,PH_0339,2022-07-12
PER_0555,PH_1098,2024-03-03
PER_0555,PH_0758,2021-12-17
PER_0556,PH_0281,2023-05-20
PER_0556,PH_0857,2023-06-02
PER_0557,PH_0576,2023-12-06
PER_0558,PH_0355,2023-03-13
PER_0558,PH_0406,2022-11-05
PER_0559,PH_0130,2021-01-19
PER_0559,PH_1338,2021-01-05
PER_0560,PH_0466,2022-06-08
PER_0560,PH_1026,2023-08-31
PER_0561,PH_0987,2021-09-28
PER_0561,PH_0549,2021-05-22
PER_0562,PH_0571,2022-05-15
PER_0562,PH_0481,2024-04-27
PER_0563,PH_0067,2023-06-23
PER_0564,PH_0977,2023-04-09
PER_0565,PH_0537,2023-11-10
PER_0566,PH_0103,2023-01-30
PER_0566,PH_0625,2023-10-03
PER_0567,PH_0193,2021-12-12
PER_0567,PH_0602,2022-12-09
PER_0568,PH_0565,2022-12-11
PER_0568,PH_0435,2021-03-21
PER_0569,PH_0769,2023-04-23
PER_0569,PH_0169,2024-03-14
PER_0570,PH_1335,2022-10-08
PER_0570,PH_0720,2022-02-03
PER_0571,PH_0958,2023-11-22
PER_0571,PH_0270,2022-08-26
PER_0572,PH_0828,2023-05-10
PER_0573,PH_0754,2023-10-21
PER_0574,PH_0179,2022-08-03
PER_0574,PH_1064,2024-06-22
PER_0575,PH_0123,2021-08-20
PER_0576,PH_0974,2023-06-16
PER_0576,PH_0342,2021-06-20
PER_0577,PH_1059,2022-04-24
PER_0578,PH_0084,2023-10-07
PER_0578,PH_0931,2024-07-30
PER_0579,PH_0042,2022-01-02
PER_0579,PH_0595,2022-07-19
PER_0580,PH_0878,2022-06-09
PER_0580,PH_0069,2021-02-26
PER_0581,PH_0508,2022-11-22
PER_0582,PH_0871,2023-03-03
PER_0582,PH_1213,2022-01-17
PER_0583,PH_0056,2022-09-08
PER_0584,PH_1321,2023-11-01
PER_0584,PH_0902,2021-11-24
PER_0585,PH_0829,2023-01-02
PER_0586,PH_1123,2021-07-30
PER_0587,PH_0376,2022-10-16
PER_0588,PH_0974,2023-09-25
PER_0588,PH_1177,2022-03-13
PER_0589,PH_1259,2021-01-26
PER_0590,PH_1041,2023-02-27
PER_0590,PH_1326,2022-11-01
PER_0591,PH_0447,2024-03-26
PER_0591,PH_1029,2022-05-27
PER_0592,PH_0794,2023-01-02
PER_0593,PH_1173,2022-10-07
PER_0594,PH_0624,2023-11-22
PER_0595,PH_1055,2023-12-14
PER_0596,PH_0819,2024-02-27
PER_0596,PH_0050,2022-05-05
PER_0597,PH_0045,2023-09-17
PER_0597,PH_1374,2022-04-16
PER_0598,PH_0285,2024-07-10
PER_0599,PH_0933,2021-04-02
PER_0600,PH_1327,2022-10-19
PER_0600,PH_1149,2024-04-03
PER_0601,PH_1117,2022-09-16
PER_0602,PH_0061,2022-08-31
PER_0602,PH_0834,2021-11-16
PER_0603,PH_0126,2024-03-30
PER_0604,PH_0824,2024-03-31
PER_0605,PH_1184,2023-11-17
PER_0606,PH_0972,2021-10-25
PER_0607,PH_1043,2024-07-27
PER_0608,PH_1379,2023-05-31
PER_0609,PH_1005,2021-07-06
PER_0610,PH_0858,2023-12-28
PER_0611,PH_0418,2022-12-22
PER_0611,PH_0478,2021-05-21
PER_0612,PH_0013,2022-10-19
PER_0612,PH_1094,2024-07-01
PER_0613,PH_1251,2021-09-24
PER_0613,PH_0538,2022-09-22
PER_0614,PH_0324,2021-11-17
PER_0614,PH_0062,2024-01-21
PER_0615,PH_0179,2023-11-14
PER_0616,PH_0670,2022-04-15
PER_0617,PH_0232,2022-03-15
PER_0618,PH_1159,2022-10-13
PER_0618,PH_1251,2022-11-30
PER_0619,PH_0780,2023-07-20
PER_0620,PH_0131,2023-08-17
PER_0621,PH_1104,2021-10-22
PER_0621,PH_0900,2021-01-04
PER_0622,PH_0530,2023-04-05
PER_0622,PH_1244,2021-09-10
PER_0623,PH_0476,2023-03-08
PER_0623,PH_1150,2024-02-28
PER_0624,PH_1349,2024-06-14
PER_0624,PH_0503,2021-03-26
PER_0625,PH_1390,2024-06-30
PER_0626,PH_0955,2024-01-31
PER_0627,PH_0849,2023-01-03
PER_0628,PH_0792,2023-09-12
PER_0629,PH_1313,2023-10-28
PER_0629,PH_0556,2021-12-11
PER_0630,PH_0704,2023-09-30
PER_0631,PH_0211,2022-08-13
PER_0632,PH_1190,2021-08-09
PER_0632,PH_1348,2023-10-14
PER_0633,PH_0673,2021-01-03
PER_0634,PH_0920,2024-04-18
PER_0635,PH_0235,2023-01-10
PER_0636,PH_1227,2021-08-31
PER_0637,PH_1292,2021-03-08
PER_0637,PH_0612,2022-11-25
PER_0638,PH_0417,2021-02-18
PER_0639,PH_1061,2023-09-23
PER_0640,PH_0931,2021-09-05
PER_0641,PH_0308,2021-09-15
PER_0641,PH_1083,2023-07-23
PER_0642,PH_1127,2023-10-09
PER_0642,PH_0357,2024-04-11
PER_0643,PH_0613,2022-05-22
PER_0643,PH_1079,2024-03-14
PER_0644,PH_1353,2021-01-30
PER_0645,PH_0302,2023-02-28
PER_0645,PH_1058,2023-10-22
PER_0646,PH_1158,2023-09-24
PER_0646,PH_0377,2023-10-02
PER_0647,PH_1293,2021-05-18
PER_0647,PH_0565,2021-04-27
PER_0648,PH_1106,2022-10-20
PER_0648,PH_0005,2023-07-10
PER_0649,PH_1229,2022-08-21
PER_0650,PH_0352,2024-05-27
PER_0651,PH_0832,2021-07-25
PER_0651,PH_0803,2021-01-25
PER_0652,PH_1087,2021-07-27
PER_0653,PH_0492,2023-08-29
PER_0654,PH_0935,2021-03-30
PER_0655,PH_0863,2021-10-30
PER_0656,PH_0575,2021-12-06
PER_0656,PH_0552,2022-05-22
PER_0657,PH_1291,2021-10-13
PER_0657,PH_1334,2023-09-25
PER_0658,PH_0685,2023-11-24
PER_0658,PH_1069,2024-06-29
PER_0659,PH_0013,2021-10-05
PER_0659,PH_0167,2021-01-18
PER_0660,PH_1356,2021-08-10
PER_0660,PH_1348,2022-04-09
PER_0661,PH_1347,2022-08-04
PER_0662,PH_0836,2023-07-16
PER_0663,PH_1200,2021-05-20
PER_0664,PH_0457,2022-12-14
PER_0665,PH_0510,2021-10-11
PER_0665,PH_0019,2023-05-07
PER_0666,PH_1168,2022-09-22
PER_0666,PH_0925,2024-07-02
PER_0667,PH_0512,2023-08-06
PER_0668,PH_1330,2021-01-02
PER_0668,PH_0920,2021-07-24
PER_0669,PH_0497,2022-05-10
PER_0669,PH_0769,2021-07-26
PER_0670,PH_0087,2022-07-06
PER_0670,PH_0721,2021-12-12
PER_0671,PH_0524,2024-03-17
PER_0671,PH_1027,2021-05-03
PER_0672,PH_0753,2023-11-22
PER_0672,PH_0571,2021-01-26
PER_0673,PH_0820,2024-07-08
PER_0674,PH_1045,2021-08-17
PER_0674,PH_1120,2021-07-04
PER_0675,PH_1168,2023-02-14
PER_0675,PH_0926,2022-01-22
PER_0676,PH_0567,2022-10-01
PER_0676,PH_0820,2021-08-25
PER_0677,PH_0261,2021-12-25
PER_0678,PH_0079,2022-09-19
PER_0678,PH_0781,2024-06-07
PER_0679,PH_1238,2023-04-02
PER_0679,PH_1280,2022-09-26
PER_0680,PH_1199,2021-07-20
PER_0680,PH_0151,2022-08-03
PER_0681,PH_1162,2023-11-02
PER_0681,PH_0993,2021-09-28
PER_0682,PH_0104,2022-02-03
PER_0683,PH_1239,2023-03-26
PER_0684,PH_0378,2022-10-01
PER_0684,PH_0340,2023-05-26
PER_0685,PH_0023,2022-08-20
PER_0686,PH_0816,2022-12-06
PER_0686,PH_0149,2023-06-04
PER_0687,PH_0363,2022-06-20
PER_0687,PH_0388,2022-08-09
PER_0688,PH_1205,2024-02-20
PER_0689,PH_0442,2022-05-14
PER_0690,PH_0819,2023-03-11
PER_0690,PH_1139,2022-12-22
PER_0691,PH_0924,2021-10-18
PER_0691,PH_1252,2022-08-02
PER_0692,PH_0026,2021-07-08
PER_0692,PH_0617,2022-01-19
PER_0693,PH_1076,2021-03-17
PER_0693,PH_0354,2023-03-24
PER_0694,PH_1246,2021-05-29
PER_0694,PH_0506,2022-05-24
PER_0695,PH_1236,2023-04-01
PER_0696,PH_1228,2021-05-12
PER_0697,PH_0259,2022-09-18
PER_0698,PH_0061,2021-01-07
PER_0699,PH_0594,2022-04-08
PER_0700,PH_1337,2023-10-20
PER_0701,PH_0817,2024-07-29
PER_0701,PH_0301,2023-08-17
PER_0702,PH_0625,2024-02-26
PER_0703,PH_0070,2022-03-18
PER_0704,PH_0446,2022-04-12
PER_0705,PH_0035,2021-11-14
PER_0706,PH_0659,2023-09-15
PER_0706,PH_0312,2023-04-25
PER_0707,PH_0272,2023-07-08
PER_0707,PH_0068,2023-08-11
PER_0708,PH_1320,2024-07-17
PER_0708,PH_0671,2023-11-09
PER_0709,PH_0609,2024-02-28
PER_0709,PH_0328,2024-05-05
PER_0710,PH_0608,2021-01-18
PER_0711,PH_1272,2021-08-24
PER_0711,PH_1330,2021-03-28
PER_0712,PH_0479,2022-06-08
PER_0713,PH_0064,2023-06-05
PER_0714,PH_0874,2023-08-04
PER_0714,PH_0877,2024-05-28
PER_0715,PH_1275,2022-02-10
PER_0716,PH_0257,2024-07-09
PER_0716,PH_1165,2024-04-21
PER_0717,PH_1330,2022-07-29
PER_0718,PH_1094,2021-01-07
PER_0718,PH_0270,2021-05-13
PER_0719,PH_1350,2022-01-18
PER_0719,PH_0747,2023-09-03
PER_0720,PH_0919,2023-08-15
PER_0721,PH_0838,2023-03-29
PER_0721,PH_0206,2022-10-31
PER_0722,PH_0984,2024-03-23
PER_0722,PH_0314,2024-04-02
PER_0723,PH_0014,2022-01-21
PER_0723,PH_0635,2024-05-20
PER_0724,PH_1006,2021-07-07
PER_0724,PH_0528,2024-01-10
PER_0725,PH_0652,2021-12-17
PER_0726,PH_1345,2021-10-29
PER_0727,PH_1353,2022-05-06
PER_0727,PH_1268,2022-09-21
PER_0728,PH_0027,2021-03-22
PER_0729,PH_1004,2021-11-02
PER_0729,PH_1016,2023-09-25
PER_0730,PH_0151,2023-02-11
PER_0731,PH_0128,2022-10-13
PER_0731,PH_0463,2021-05-14
PER_0732,PH_0093,2021-08-16
PER_0733,PH_1274,2023-07-18
PER_0733,PH_1196,2024-01-27
PER_0734,PH_1210,2021-11-05
PER_0735,PH_0397,2022-12-15
PER_0735,PH_0431,2021-03-04
PER_0736,PH_0611,2024-02-11
PER_0737,PH_0602,2022-04-28
PER_0738,PH_0919,2023-05-05
PER_0738,PH_0587,2023-08-04
PER_0739,PH_0555,2023-02-06
PER_0740,PH_0053,2024-03-10
PER_0740,PH_0910,2023-04-11
PER_0741,PH_0264,2022-05-05
PER_0741,PH_0462,2021-04-13
PER_0742,PH_0964,2022-10-05
PER_0743,PH_0157,2021-04-21
PER_0743,PH_1246,2024-05-06
PER_0744,PH_1290,2023-12-05
PER_0744,PH_0070,2023-05-16
PER_0745,PH_0184,2023-12-16
PER_0745,PH_0990,2022-01-07
PER_0746,PH_1103,2023-07-11
PER_0747,PH_0161,2022-07-01
PER_0747,PH_0549,2022-08-19
PER_0748,PH_0524,2021-02-27
PER_0749,PH_1144,2024-05-19
PER_0750,PH_1043,2022-06-19
PER_0750,PH_0003,2022-06-22
PER_0751,PH_0196,2022-05-14
PER_0752,PH_0534,2024-01-21
PER_0752,PH_0556,2024-05-28
PER_0753,PH_1371,2022-01-22
PER_0753,PH_0750,2023-07-25
PER_0754,PH_0816,2021-03-14
PER_0755,PH_0969,2021-03-20
PER_0755,PH_0006,2022-03-19
PER_0756,PH_1204,2022-01-17
PER_0757,PH_0638,2022-05-11
PER_0758,PH_0241,2022-03-06
PER_0758,PH_1106,2021-01-29
PER_0759,PH_1238,2024-05-09
PER_0760,PH_0365,2021-05-07
PER_0761,PH_1395,2021-11-21
PER_0762,PH_0807,2024-04-06
PER_0762,PH_0329,2024-02-22
PER_0763,PH_0489,2023-03-10
PER_0764,PH_1115,2022-09-13
PER_0764,PH_1136,2023-11-30
PER_0765,PH_1287,2023-10-23
PER_0765,PH_0044,2022-11-22
PER_0766,PH_0311,2022-09-01
PER_0767,PH_0323,2023-12-21
PER_0767,PH_1246,2022-06-09
PER_0768,PH_0783,2022-03-15
PER_0769,PH_1230,2021-11-13
PER_0769,PH_0424,2024-01-28
PER_0770,PH_0702,2024-01-25
PER_0771,PH_0271,2021-03-28
PER_0771,PH_0410,2021-10-22
PER_0772,PH_0615,2021-02-02
PER_0772,PH_0540,2023-02-21
PER_0773,PH_0885,2023-01-28
PER_0774,PH_1036,2024-01-24
PER_0775,PH_0088,2021-09-19
PER_0775,PH_1222,2021-03-05
PER_0776,PH_1228,2023-12-23
PER_0777,PH_1108,2024-07-27
PER_0778,PH_0456,2021-05-23
PER_0778,PH_0162,2021-11-07
PER_0779,PH_0799,2022-08-12
PER_0780,PH_0198,2022-06-05
PER_0781,PH_1134,2023-05-22
PER_0781,PH_0694,2021-03-15
PER_0782,PH_0334,2022-01-10
PER_0782,PH_0818,2021-10-17
PER_0783,PH_0229,2023-07-12
PER_0784,PH_0067,2022-12-08
PER_0784,PH_0605,2024-05-25
PER_0785,PH_0301,2021-01-29
PER_0786,PH_0463,2023-01-01
PER_0786,PH_1231,2023-11-20
PER_0787,PH_0975,2023-01-12
PER_0788,PH_0745,2022-04-06
PER_0788,PH_0571,2023-01-17
PER_0789,PH_1090,2023-11-21
PER_0790,PH_1312,2021-11-02
PER_0791,PH_0909,2024-03-12
PER_0792,PH_0593,2022-08-30
PER_0793,PH_1265,2023-06-09
PER_0794,PH_0500,2022-02-28
PER_0794,PH_1181,2022-10-17
PER_0795,PH_0794,2021-07-25
PER_0795,PH_0836,2022-09-25
PER_0796,PH_0509,2022-05-23
PER_0797,PH_0006,2021-12-27
PER_0797,PH_0745,2021-01-22
PER_0798,PH_0788,2021-04-25
PER_0799,PH_0034,2022-08-04
PER_0799,PH_0266,2023-01-26
PER_0800,PH_0013,2022-08-27
PER_0800,PH_0443,2023-03-15
PER_0801,PH_0100,2024-06-16
PER_0801,PH_0678,2021-03-22
PER_0802,PH_0485,2022-09-08
PER_0802,PH_0086,2022-09-07
PER_0803,PH_0889,2024-07-12
PER_0804,PH_0760,2021-03-10
PER_0805,PH_1088,2023-09-23
PER_0806,PH_1326,2023-09-11
PER_0807,PH_0545,2023-08-28
PER_0807,PH_0017,2023-04-27
PER_0808,PH_0023,2021-12-03
PER_0809,PH_1214,2021-07-03
PER_0810,PH_0121,2024-06-05
PER_0811,PH_1309,2021-02-14
PER_0812,PH_0748,2021-07-30
PER_0813,PH_1246,2022-02-12
PER_0814,PH_0324,2024-04-07
PER_0814,PH_0410,2022-12-16
PER_0815,PH_1165,2023-12-18
PER_0815,PH_0958,2023-07-18
PER_0816,PH_0474,2023-06-12
PER_0816,PH_0230,2023-10-06
PER_0817,PH_0804,2021-03-06
PER_0818,PH_1277,2024-01-19
PER_0819,PH_0089,2022-12-21
PER_0819,PH_0273,2022-06-26
PER_0820,PH_0605,2022-05-15
PER_0820,PH_1355,2022-02-05
PER_0821,PH_1291,2021-08-01
PER_0821,PH_1210,2021-03-10
PER_0822,PH_0586,2023-07-29
PER_0822,PH_1141,2022-03-14
PER_0823,PH_0675,2023-03-10
PER_0823,PH_0462,2021-05-21
PER_0824,PH_1142,2021-01-26
PER_0825,PH_1123,2023-07-14
PER_0826,PH_0713,2022-06-29
PER_0826,PH_1289,2023-04-03
PER_0827,PH_0581,2024-07-27
PER_0828,PH_0677,2022-09-23
PER_0828,PH_0816,2021-09-01
PER_0829,PH_1223,2024-05-18
PER_0830,PH_0306,2023-02-06
PER_0830,PH_0253,2023-08-16
PER_0831,PH_0108,2023-12-23
PER_0831,PH_0645,2022-09-25
PER_0832,PH_0025,2024-06-14
PER_0832,PH_0481,2022-09-27
PER_0833,PH_0861,2024-07-29
PER_0834,PH_0635,2023-04-22
PER_0835,PH_0063,2021-01-17
PER_0835,PH_0917,2022-04-06
PER_0836,PH_1312,2024-03-23
PER_0836,PH_0316,2022-10-17
PER_0837,PH_0033,2021-11-02
PER_0837,PH_0269,2022-07-03
PER_0838,PH_0750,2023-02-22
PER_0839,PH_0056,2022-08-05
PER_0839,PH_0146,2021-11-06
PER_0840,PH_0139,2022-11-17
PER_0841,PH_1392,2024-02-02
PER_0842,PH_0867,2023-02-12
PER_0843,PH_0648,2022-10-20
PER_0844,PH_0711,2023-03-29
PER_0845,PH_1172,2022-08-04
PER_0845,PH_0127,2021-07-20
PER_0846,PH_0524,2022-04-15
PER_0847,PH_0429,2022-01-17
PER_0848,PH_0630,2023-06-01
PER_0848,PH_0906,2022-02-17
PER_0849,PH_0769,2022-02-15
PER_0850,PH_0438,2023-11-23
PER_0850,PH_0199,2024-06-14
PER_0851,PH_0958,2021-03-26
PER_0851,PH_1196,2022-05-12
PER_0852,PH_0253,2024-02-17
PER_0852,PH_1173,2021-05-05
PER_0853,PH_0891,2024-01-22
PER_0853,PH_0616,2022-09-21
PER_0854,PH_0880,2022-05-28
PER_0855,PH_0253,2022-01-01
PER_0855,PH_1135,2021-10-30
PER_0856,PH_1244,2022-02-14
PER_0856,PH_1014,2023-09-02
PER_0857,PH_0811,2021-01-11
PER_0857,PH_1121,2022-08-05
PER_0858,PH_0101,2022-01-13
PER_0858,PH_0381,2024-03-05
PER_0859,PH_0971,2023-04-23
PER_0859,PH_0182,2022-02-17
PER_0860,PH_0013,2024-06-05
PER_0861,PH_1155,2021-10-16
PER_0862,PH_0053,2023-07-27
PER_0863,PH_0886,2022-01-11
PER_0863,PH_1002,2021-12-04
PER_0864,PH_0295,2023-12-09
PER_0865,PH_0436,2021-07-27
PER_0865,PH_1398,2021-11-23
PER_0866,PH_0593,2021-03-04
PER_0866,PH_0531,2021-10-17
PER_0867,PH_0660,2022-01-08
PER_0868,PH_0809,2024-06-02
PER_0869,PH_0771,2023-07-12
PER_0869,PH_1265,2023-10-11
PER_0870,PH_0529,2021-09-14
PER_0871,PH_0970,2023-08-25
PER_0871,PH_0485,2024-01-07
PER_0872,PH_0459,2024-01-25
PER_0873,PH_1335,2021-03-14
PER_0873,PH_0289,2021-08-01
PER_0874,PH_0374,2021-02-03
PER_0875,PH_0515,2023-12-06
PER_0876,PH_0134,2022-10-20
PER_0877,PH_0467,2024-03-28
PER_0878,PH_1058,2022-03-10
PER_0879,PH_0284,2022-04-07
PER_0879,PH_0436,2023-02-08
PER_0880,PH_1239,2023-07-08
PER_0881,PH_1246,2021-01-15
PER_0882,PH_0679,2021-05-11
PER_0882,PH_0658,2022-05-25
PER_0883,PH_0701,2022-08-28
PER_0883,PH_0260,2021-03-31
PER_0884,PH_0663,2023-06-02
PER_0884,PH_0894,2023-12-08
PER_0885,PH_0414,2023-05-07
PER_0886,PH_0255,2021-02-15
PER_0887,PH_0806,2024-05-10
PER_0888,PH_0504,2023-11-13
PER_0888,PH_0438,2021-08-29
PER_0889,PH_0886,2023-08-30
PER_0890,PH_0263,2023-02-05
PER_0891,PH_0958,2021-12-06
PER_0891,PH_0957,2021-11-13
PER_0892,PH_0849,2024-02-02
PER_0893,PH_0816,2022-09-17
PER_0894,PH_0980,2024-05-31
PER_0894,PH_0058,2022-11-20
PER_0895,PH_0425,2023-05-18
PER_0896,PH_0108,2022-08-11
PER_0896,PH_0488,2024-05-23
PER_0897,PH_0687,2023-08-13
PER_0898,PH_0348,2023-02-22
PER_0898,PH_1278,2024-05-21
PER_0899,PH_0278,2022-03-23
PER_0899,PH_1291,2021-05-12
PER_0900,PH_1312,2023-01-05
PER_0901,PH_0110,2023-02-10
PER_0901,PH_0271,2022-02-24
PER_0902,PH_1384,2023-10-04
PER_0903,PH_0970,2023-02-26
PER_0903,PH_0752,2021-09-17
PER_0904,PH_0929,2021-08-02
PER_0904,PH_0861,2022-07-31
PER_0905,PH_0881,2024-07-13
PER_0906,PH_0029,2021-03-04
PER_0907,PH_0830,2021-10-24
PER_0908,PH_1300,2024-05-20
PER_0908,PH_0827,2022-02-12
PER_0909,PH_0146,2023-06-11
PER_0909,PH_0580,2022-11-27
PER_0910,PH_0646,2023-01-25
PER_0910,PH_1219,2023-10-01
PER_0911,PH_0214,2023-03-24
PER_0912,PH_1203,2023-12-22
PER_0913,PH_1177,2024-01-05
PER_0913,PH_1110,2022-03-08
PER_0914,PH_0528,2023-07-20
PER_0915,PH_0071,2024-02-24
PER_0915,PH_1207,2023-08-22
PER_0916,PH_0643,2022-03-15
PER_0916,PH_0030,2023-07-17
PER_0917,PH_0293,2024-07-03
PER_0918,PH_0894,2021-12-03
PER_0918,PH_0608,2021-07-18
PER_0919,PH_0456,2023-07-07
PER_0920,PH_0781,2021-07-23
PER_0920,PH_0208,2021-06-06
PER_0921,PH_1123,2023-06-29
PER_0922,PH_1353,2021-06-12
PER_0923,PH_1262,2023-05-24
PER_0923,PH_0591,2022-06-12
PER_0924,PH_0516,2021-01-26
PER_0925,PH_0150,2021-10-11
PER_0926,PH_0895,2021-08-02
PER_0926,PH_0335,2021-10-27
PER_0927,PH_1020,2021-09-26
PER_0927,PH_0615,2024-07-08
PER_0928,PH_0699,2022-09-10
PER_0929,PH_1033,2021-04-10
PER_0929,PH_1007,2023-03-09
PER_0930,PH_0264,2021-11-15
PER_0931,PH_1077,2023-04-29
PER_0931,PH_1317,2023-10-06
PER_0932,PH_0119,2023-10-19
PER_0932,PH_0676,2023-04-30
PER_0933,PH_0139,2023-03-23
PER_0933,PH_0795,2021-03-18
PER_0934,PH_0158,2023-12-21
PER_0934,PH_0410,2024-01-29
PER_0935,PH_1179,2022-07-29
PER_0935,PH_1316,2022-09-15
PER_0936,PH_0958,2023-07-21
PER_0936,PH_1178,2023-04-14
PER_0937,PH_0802,2024-03-15
PER_0937,PH_0051,2023-11-22
PER_0938,PH_1056,2023-12-03
PER_0938,PH_0878,2022-11-21
PER_0939,PH_1162,2021-10-27
PER_0939,PH_0793,2023-11-20
PER_0940,PH_0008,2023-08-23
PER_0941,PH_0316,2022-09-06
PER_0941,PH_0413,2024-06-02
PER_0942,PH_0104,2024-07-27
PER_0943,PH_1176,2021-08-07
PER_0944,PH_0172,2022-09-15
PER_0944,PH_0787,2021-07-25
PER_0945,PH_0203,2022-10-13
PER_0946,PH_0730,2024-02-12
PER_0946,PH_0653,2022-11-30
PER_0947,PH_0569,2023-02-15
PER_0947,PH_0677,2023-10-31
PER_0948,PH_0661,2024-03-13
PER_0948,PH_0672,2024-03-24
PER_0949,PH_1011,2021-06-05
PER_0949,PH_0722,2021-09-25
PER_0950,PH_0964,2022-03-03
PER_0950,PH_0883,2021-01-09
PER_0951,PH_0108,2022-08-24
PER_0952,PH_0692,2024-05-07
PER_0952,PH_1068,2024-06-11
PER_0953,PH_1088,2022-03-29
PER_0953,PH_0272,2023-11-28
PER_0954,PH_0732,2021-04-21
PER_0955,PH_0784,2022-02-01
PER_0955,PH_0723,2022-05-21
PER_0956,PH_0316,2021-09-30
PER_0957,PH_0620,2021-04-17
PER_0957,PH_0533,2024-04-10
PER_0958,PH_0607,2021-08-12
PER_0958,PH_0011,2024-05-30
PER_0959,PH_0413,2023-04-03
PER_0960,PH_1095,2021-01-27
PER_0960,PH_0873,2023-03-08
PER_0961,PH_0652,2024-06-28
PER_0962,PH_0086,2022-12-05
PER_0962,PH_0131,2021-01-31
PER_0963,PH_0837,2021-10-29
PER_0964,PH_1275,2022-04-09
PER_0965,PH_0316,2023-03-08
PER_0965,PH_0435,2023-09-26
PER_0966,PH_0125,2021-03-12
PER_0966,PH_0356,2024-05-23
PER_0967,PH_0100,2023-08-08
PER_0967,PH_1108,2024-02-18
PER_0968,PH_0063,2023-08-04
PER_0969,PH_0142,2022-02-23
PER_0969,PH_0436,2023-11-04
PER_0970,PH_1196,2024-04-11
PER_0971,PH_1307,2024-07-03
PER_0971,PH_0136,2023-08-02
PER_0972,PH_1222,2024-06-29
PER_0972,PH_0993,2023-06-14
PER_0973,PH_0277,2022-06-07
PER_0973,PH_0559,2021-08-26
PER_0974,PH_0225,2022-07-18
PER_0974,PH_0430,2022-08-28
PER_0975,PH_1079,2022-04-10
PER_0975,PH_0027,2022-05-09
PER_0976,PH_0951,2021-11-14
PER_0977,PH_0774,2022-04-10
PER_0977,PH_1008,2023-03-03
PER_0978,PH_1174,2022-05-16
PER_0979,PH_1312,2021-12-13
PER_0979,PH_1309,2023-06-10
PER_0980,PH_1387,2022-06-08
PER_0980,PH_0039,2023-06-27
PER_0981,PH_0288,2023-10-19
PER_0982,PH_0003,2024-01-20
PER_0982,PH_0346,2023-08-17
PER_0983,PH_0554,2023-10-08
PER_0983,PH_0302,2024-06-10
PER_0984,PH_0478,2021-05-20
PER_0985,PH_1087,2024-03-30
PER_0985,PH_1230,2021-08-06
PER_0986,PH_1067,2023-08-07
PER_0986,PH_0575,2024-07-31
PER_0987,PH_0960,2021-10-25
PER_0988,PH_0315,2021-12-20
PER_0988,PH_0084,2021-05-30
PER_0989,PH_1362,2023-01-02
PER_0989,PH_0942,2022-03-20
PER_0990,PH_0943,2023-08-06
PER_0990,PH_0743,2022-07-22
PER_0991,PH_1345,2022-04-25
PER_0992,PH_1052,2022-10-23
PER_0993,PH_1071,2021-11-09
PER_0993,PH_0326,2021-01-06
PER_0994,PH_1242,2022-05-13
PER_0995,PH_1054,2021-06-14
PER_0995,PH_0567,2023-06-06
PER_0996,PH_0326,2023-10-02
PER_0996,PH_0502,2024-04-05
PER_0997,PH_0345,2022-10-29
PER_0998,PH_1317,2022-07-15
PER_0999,PH_1276,2021-09-15
PER_0999,PH_0574,2022-12-15
PER_1000,PH_0985,2023-03-14
PER_1000,PH_0600,2021-11-22
