phone_id,phone_number,imei,service_provider
PH_0001,+919966014688,869435390413302,Vi
PH_0002,+917338197849,867380994474746,Jio
PH_0003,+919509154515,867021415778669,Jio
PH_0004,+919048975310,861503819782570,Airtel
PH_0005,+916955019690,863506947689885,Jio
PH_0006,+917320394595,864689915256429,Jio
PH_0007,+916337605742,862366279443302,Airtel
PH_0008,+919327278141,861749176503306,Jio
PH_0009,+916463072131,862041929757899,BSNL
PH_0010,+916510767017,865453488222273,Airtel
PH_0011,+916284530257,864614652172777,Jio
PH_0012,+916793631899,867183338146808,Airtel
PH_0013,+916389894192,867118523442598,Vi
PH_0014,+916689588485,869808355746890,Jio
PH_0015,+918168568631,862200745017799,Airtel
PH_0016,+919520097229,864020572574784,Airtel
PH_0017,+919115351748,869352456212681,Vi
PH_0018,+918998458008,864258116580642,BSNL
PH_0019,+918892770843,862889604138150,Jio
PH_0020,+919585190250,868461988627399,Jio
PH_0021,+918208691233,868169277754937,Airtel
PH_0022,+919270228642,866531851789517,Airtel
PH_0023,+918001032544,869719367350048,Vi
PH_0024,+919026796228,861716066124125,Airtel
PH_0025,+917409244959,863033640011348,BSNL
PH_0026,+917218101886,866487835082067,BSNL
PH_0027,+916970118986,868166384500379,Vi
PH_0028,+919673767577,864321847801177,Airtel
PH_0029,+919842941932,867466842626371,Jio
PH_0030,+916054914778,867971183631216,BSNL
PH_0031,+918244817796,863096309138071,Jio
PH_0032,+917695702318,863972022249619,Airtel
PH_0033,+917562122502,864504586830556,Vi
PH_0034,+916860125163,868112425732851,Airtel
PH_0035,+917000167474,868472547779056,BSNL
PH_0036,+917196227113,865804323144149,BSNL
PH_0037,+917529426298,869995742570599,Vi
PH_0038,+916632966915,869000527638114,Airtel
PH_0039,+916524802306,869608191165928,BSNL
PH_0040,+916991372057,861520269181410,Airtel
PH_0041,+919168819811,869762026323745,Airtel
PH_0042,+916769210137,866753878369864,Jio
PH_0043,+917300312565,869661950765829,BSNL
PH_0044,+916867290276,869626432790478,Vi
PH_0045,+918329753974,861311585360502,Airtel
PH_0046,+917848581435,867747905299117,BSNL
PH_0047,+917351021444,867622207670309,BSNL
PH_0048,+917974208537,861575680155394,Jio
PH_0049,+918390864624,866333401836549,Jio
PH_0050,+918110888847,863364081774115,Vi
PH_0051,+919074007690,869574425810801,Airtel
PH_0052,+918443214578,869631488506174,BSNL
PH_0053,+918044022431,869912728489653,Airtel
PH_0054,+917680985022,869702734997371,BSNL
PH_0055,+918649735743,867204838268344,Vi
PH_0056,+917376463094,861494185053021,Airtel
PH_0057,+916550606479,867446045548802,Vi
PH_0058,+919477005482,867693024732777,Airtel
PH_0059,+917838882481,868247144703976,Vi
PH_0060,+916242447651,865297807300195,Jio
PH_0061,+917007694189,866491751698840,Airtel
PH_0062,+919910091063,862154006135323,Vi
PH_0063,+916491650481,863986452227020,Airtel
PH_0064,+918312482595,861658530657456,BSNL
PH_0065,+918825091118,868434001561639,BSNL
PH_0066,+917145119397,867645673825605,BSNL
PH_0067,+917384789235,862720445953171,BSNL
PH_0068,+916429740169,866910759368797,BSNL
PH_0069,+918159374355,866972870949181,Jio
PH_0070,+918640665603,867392197768901,BSNL
PH_0071,+916866546691,862326230708992,Jio
PH_0072,+917234182744,861834362487917,Vi
PH_0073,+918463252622,865807515112698,Airtel
PH_0074,+918432790994,868513939062808,Jio
PH_0075,+917491712941,862352037029186,Vi
PH_0076,+918167410280,866277673537438,BSNL
PH_0077,+918849524815,866512762097961,Jio
PH_0078,+917779466167,865421249217045,BSNL
PH_0079,+918884329289,864285060324545,BSNL
PH_0080,+916914625337,869224596526216,Vi
PH_0081,+918739872850,862054958894679,Jio
PH_0082,+917564547781,863600441579271,Jio
PH_0083,+916646275116,866281802733452,BSNL
PH_0084,+917762054424,865696170663889,Vi
PH_0085,+918774732090,865510405365153,Jio
PH_0086,+917743180954,862998184071165,Jio
PH_0087,+916824272995,865316561121011,Vi
PH_0088,+917993550742,868675069162117,BSNL
PH_0089,+918778509037,861652429823003,Jio
PH_0090,+916684439498,863397763040130,Airtel
PH_0091,+917109805988,864094741717884,Airtel
PH_0092,+919103002206,861970748116301,Airtel
PH_0093,+917348210721,866242443952346,Airtel
PH_0094,+919867939656,868163812556197,Vi
PH_0095,+918884809577,867979709718568,Jio
PH_0096,+917013789043,869803542558827,Airtel
PH_0097,+918241790651,865430367257299,BSNL
PH_0098,+919799177162,865187980729189,Airtel
PH_0099,+919320829552,866513907736103,Vi
PH_0100,+919574848002,864832927036563,Jio
PH_0101,+916458762697,864763143633119,Vi
PH_0102,+917887532541,865472814914811,Airtel
PH_0103,+918106074066,867590771068149,Airtel
PH_0104,+917359313973,868454112215618,BSNL
PH_0105,+918932339303,867382943792137,BSNL
PH_0106,+919073784537,861370690773543,Airtel
PH_0107,+919614098856,865216247411382,Vi
PH_0108,+918373948273,866439080828637,Vi
PH_0109,+919879030194,865161251877026,BSNL
PH_0110,+917668470325,867914728760378,Vi
PH_0111,+917292304779,866232281461491,Jio
PH_0112,+919691166761,863821322126763,BSNL
PH_0113,+918711639209,868149593384188,Airtel
PH_0114,+917176977900,862412470624259,BSNL
PH_0115,+918023321653,868265954839170,Vi
PH_0116,+919081149490,869904588062529,Airtel
PH_0117,+917511211495,868972862760729,Airtel
PH_0118,+919272659618,864232571025466,BSNL
PH_0119,+919397402104,863395050282296,Airtel
PH_0120,+917720829540,866520345292035,Airtel
PH_0121,+916476003514,865390134418747,Jio
PH_0122,+919637667342,866621851993713,BSNL
PH_0123,+918054564070,865583303525071,Jio
PH_0124,+918952647739,864493018721982,Airtel
PH_0125,+917780248603,864201329463647,BSNL
PH_0126,+919764066450,864949524753824,Airtel
PH_0127,+916098655791,865022780733066,Airtel
PH_0128,+917986099771,865605056488177,Jio
PH_0129,+916213816205,863625342387025,Airtel
PH_0130,+917580205025,863064020591789,Airtel
PH_0131,+919086292314,868655890177207,BSNL
PH_0132,+919553043688,869695906940209,Airtel
PH_0133,+916964151220,864576477523086,Jio
PH_0134,+919701990020,866064909774503,BSNL
PH_0135,+917640993275,868585471446602,Jio
PH_0136,+918577335953,865981406530909,Jio
PH_0137,+917796717941,868186254968912,Jio
PH_0138,+916123579604,865141472893489,BSNL
PH_0139,+919896945119,867503647003673,BSNL
PH_0140,+916368244826,869246381533409,Jio
PH_0141,+919742821232,867995183271405,Jio
PH_0142,+919063754568,865507985630540,Airtel
PH_0143,+916409221994,862033184447713,Airtel
PH_0144,+917429633718,865131462463495,BSNL
PH_0145,+919900803267,861802342209015,Airtel
PH_0146,+917089448023,866323100594603,BSNL
PH_0147,+918883048433,863325170315714,Airtel
PH_0148,+918493172294,865579205535367,Jio
PH_0149,+918163575681,863321292749034,Airtel
PH_0150,+917362867804,863492940450413,Vi
PH_0151,+916501832818,861774439596006,Jio
PH_0152,+918144093270,865942797846448,Vi
PH_0153,+919978157818,865975419334171,Vi
PH_0154,+918632521028,865642544898393,Vi
PH_0155,+917871640952,863902936921053,Vi
PH_0156,+919164829267,869645745823969,Jio
PH_0157,+918386604692,868742959396978,Airtel
PH_0158,+916811405047,861958416028542,Jio
PH_0159,+916786585993,869272261039287,Vi
PH_0160,+916702463180,869219304524659,BSNL
PH_0161,+916498319477,869709881029904,Airtel
PH_0162,+917896312622,869050852628744,BSNL
PH_0163,+916483144641,863606473399644,Airtel
PH_0164,+917501539056,864582404638813,Vi
PH_0165,+916775907148,863962818565619,Vi
PH_0166,+918419129100,864734842045532,Airtel
PH_0167,+918259218970,868323694776986,Airtel
PH_0168,+917057238139,869765032907189,Airtel
PH_0169,+919811215239,861456678107799,Vi
PH_0170,+918926214216,867932601162856,Vi
PH_0171,+918535484518,863702924015767,Airtel
PH_0172,+916348163949,868986405165201,Vi
PH_0173,+918552087856,861101610363390,Vi
PH_0174,+916188321417,868971248401171,Vi
PH_0175,+919141962771,864715702137067,Airtel
PH_0176,+919442665234,865976336558821,Vi
PH_0177,+919428015166,862629430666770,BSNL
PH_0178,+917095920639,865222717402539,BSNL
PH_0179,+916383060868,863865637496300,BSNL
PH_0180,+919347894979,866013955113097,Jio
PH_0181,+916517981598,869634166513117,BSNL
PH_0182,+919160620396,867314165797067,Airtel
PH_0183,+919573639898,869612267869018,BSNL
PH_0184,+919802820039,869381148026318,Vi
PH_0185,+918418311717,868441461800548,Airtel
PH_0186,+919249102562,868637252244481,BSNL
PH_0187,+916399206328,862475427256454,Vi
PH_0188,+918010986027,862393447831583,BSNL
PH_0189,+917290179231,866286687715609,Jio
PH_0190,+918246663276,866198747522274,Airtel
PH_0191,+918366502646,869981238892577,BSNL
PH_0192,+917773904836,869173728571522,Vi
PH_0193,+917526678932,861285630119501,Airtel
PH_0194,+919180492708,869141804483185,Jio
PH_0195,+919376604904,861796256688697,Airtel
PH_0196,+917787786836,866520311361698,BSNL
PH_0197,+919252811795,868914208503447,Vi
PH_0198,+917466019993,864711655726131,Jio
PH_0199,+916335954600,865563849655680,Airtel
PH_0200,+917863152169,861315827740092,Airtel
PH_0201,+917696227959,861232429363325,Jio
PH_0202,+918816643737,869093767599904,BSNL
PH_0203,+919731383917,869562987586668,Vi
PH_0204,+918656434573,867346315595071,BSNL
PH_0205,+919455905653,862538898192425,Jio
PH_0206,+916580310006,864354429054810,Airtel
PH_0207,+919504556843,864311293171146,Airtel
PH_0208,+916898633785,868663260094178,Jio
PH_0209,+916369768979,863604740578992,BSNL
PH_0210,+917811957488,863048793102755,Jio
PH_0211,+919875844373,868832743016480,BSNL
PH_0212,+918025030698,864540095138324,Vi
PH_0213,+918445685199,861895035679701,Vi
PH_0214,+916033819777,866119596835126,Airtel
PH_0215,+918093781592,869552996500474,BSNL
PH_0216,+916996027749,862068219743020,Airtel
PH_0217,+917812495724,866555868347280,Airtel
PH_0218,+917150402112,863055027338614,BSNL
PH_0219,+918674461918,868887049295989,BSNL
PH_0220,+916089365072,866064459363836,Jio
PH_0221,+918015372326,868706648142321,Jio
PH_0222,+918180279805,869240568887433,Jio
PH_0223,+919793200863,867866413115125,BSNL
PH_0224,+919578054555,865965872148305,Airtel
PH_0225,+918864985663,863269816728043,Jio
PH_0226,+916856778208,862775935414909,BSNL
PH_0227,+918120533071,865128767746428,Jio
PH_0228,+918391568856,867309384828135,Vi
PH_0229,+917533491749,863790341158124,Jio
PH_0230,+919556012519,861560508173903,Airtel
PH_0231,+917450559731,863003304260756,Jio
PH_0232,+916518351152,864940898702378,BSNL
PH_0233,+917107337642,866987157192670,Vi
PH_0234,+919304435774,862832531488102,Airtel
PH_0235,+919979854542,868704940550662,BSNL
PH_0236,+919614631486,862953161135510,Airtel
PH_0237,+919357171471,862795070343561,Airtel
PH_0238,+918178861531,863938210367628,Airtel
PH_0239,+919740355928,863763217196602,Vi
PH_0240,+919041538490,869768201060562,Airtel
PH_0241,+916662695110,867397985546880,Vi
PH_0242,+919518268770,863160960278130,Jio
PH_0243,+917885956471,868314198895566,Airtel
PH_0244,+917053624456,867006398648330,Vi
PH_0245,+918169056122,862499679150136,Vi
PH_0246,+917599601959,867345449144579,Jio
PH_0247,+916651165188,868419683350806,Jio
PH_0248,+916592681126,868545406142024,BSNL
PH_0249,+919942866138,868782608571147,Jio
PH_0250,+919307777078,862228118594505,Airtel
PH_0251,+917453003039,868066573277251,Jio
PH_0252,+917864326250,867915161351031,Airtel
PH_0253,+918835435059,862016079986515,Vi
PH_0254,+917800902537,866517927869561,Vi
PH_0255,+916033939818,865921289507152,Jio
PH_0256,+919007744409,868848640150594,Jio
PH_0257,+919812126034,868780986251010,Vi
PH_0258,+919812534646,868115252232298,Jio
PH_0259,+919783757459,862483058784691,Airtel
PH_0260,+918308259281,867860499407892,Jio
PH_0261,+918235400336,864759315844880,Airtel
PH_0262,+918197612808,866491338106464,Vi
PH_0263,+919251489188,863815933827358,Airtel
PH_0264,+916119791902,865244538754315,Vi
PH_0265,+919120333471,862943495355621,Airtel
PH_0266,+919614573360,865567152167680,Vi
PH_0267,+916531772868,868894685686391,Vi
PH_0268,+918458590795,861093359097217,BSNL
PH_0269,+917455909264,865157455115761,Jio
PH_0270,+917504686545,866004921960987,Jio
PH_0271,+919068114086,865358264429452,Airtel
PH_0272,+917408091983,867355600475471,BSNL
PH_0273,+916420854556,862440583798141,Airtel
PH_0274,+916267119789,869375744844915,Jio
PH_0275,+917916260187,867494325871231,BSNL
PH_0276,+918526469228,867948307144323,Vi
PH_0277,+918509565608,868335689347753,Jio
PH_0278,+916619962132,863235555327777,BSNL
PH_0279,+919054368419,863274003561111,Airtel
PH_0280,+918982728970,869011027299805,BSNL
PH_0281,+916140047655,863760575181271,Vi
PH_0282,+919958659997,863091442149163,BSNL
PH_0283,+916473890212,867498804636199,Vi
PH_0284,+916173010491,863695189806863,Airtel
PH_0285,+917595440130,866335957674052,Vi
PH_0286,+918087034313,863500284585652,BSNL
PH_0287,+916208954648,864793673669590,Jio
PH_0288,+919518115388,869601701343506,Airtel
PH_0289,+916525394346,867135564953486,Airtel
PH_0290,+919738453527,868344585985943,BSNL
PH_0291,+918461270060,869359626873365,Jio
PH_0292,+919272555625,869878292349519,BSNL
PH_0293,+919271385463,863621858811873,Vi
PH_0294,+916383604911,867813577471741,Jio
PH_0295,+919866520330,866963112824593,Airtel
PH_0296,+918879534353,868794893381247,Vi
PH_0297,+918774190383,863180319358806,Airtel
PH_0298,+916826466503,861930966868291,Jio
PH_0299,+919223624529,869841086393899,Airtel
PH_0300,+916516612288,864163380248757,Airtel
PH_0301,+917180955041,864619741559022,Jio
PH_0302,+919563493764,862487966635464,Vi
PH_0303,+917725708681,861792803258755,BSNL
PH_0304,+919702151572,861412032743116,Vi
PH_0305,+917876975522,868297924711880,Airtel
PH_0306,+919692161811,866581429838282,BSNL
PH_0307,+917104570218,863014730611591,Airtel
PH_0308,+918326924276,866017244026219,Jio
PH_0309,+916784557073,863710509315531,Vi
PH_0310,+917749238945,863979326937729,Airtel
PH_0311,+918639151858,866725024431571,Jio
PH_0312,+916116699374,862029560786604,Vi
PH_0313,+917674778305,866626831260954,Jio
PH_0314,+917773060475,866703257054941,Vi
PH_0315,+917612816731,863129872141056,Airtel
PH_0316,+916869986241,869672554692231,BSNL
PH_0317,+916494270721,862066308470551,Vi
PH_0318,+917996401878,868162086119418,Airtel
PH_0319,+918079500806,868168424569247,Jio
PH_0320,+919924462352,861330223525091,Vi
PH_0321,+918379735122,862785310949218,Jio
PH_0322,+919276966820,863210985659421,Vi
PH_0323,+918440596445,868844357242917,Airtel
PH_0324,+919634735698,869803118725399,Jio
PH_0325,+919362450803,863508123081865,Vi
PH_0326,+918321171058,863959169368376,Jio
PH_0327,+918308697931,868455859698626,BSNL
PH_0328,+916179495626,863946227657337,Airtel
PH_0329,+916258449780,865808139378453,Vi
PH_0330,+919605572307,867690184648180,Vi
PH_0331,+919618246531,864743631822971,Vi
PH_0332,+916195355435,866287405110870,Airtel
PH_0333,+917697821614,863163368280946,Jio
PH_0334,+919114168187,864708412040985,Vi
PH_0335,+919796457360,865803717846285,Jio
PH_0336,+918844458160,866660693975941,Vi
PH_0337,+916904622735,866779305904710,Airtel
PH_0338,+919925678450,863352318562830,Airtel
PH_0339,+918614719178,861075061120307,Airtel
PH_0340,+918889252025,868267829996378,BSNL
PH_0341,+919274763284,862364301801043,Airtel
PH_0342,+919833568382,868832609936818,Airtel
PH_0343,+917516100805,867299004666495,BSNL
PH_0344,+916761010785,861150254257582,Airtel
PH_0345,+917987249301,868817669368135,Airtel
PH_0346,+916951424441,861351084132087,Vi
PH_0347,+918922958662,864368791189658,Airtel
PH_0348,+919505899440,864890028371348,Jio
PH_0349,+918120892071,867386475908730,Airtel
PH_0350,+917205839367,864679094871388,Airtel
PH_0351,+916842186354,867969179016319,Airtel
PH_0352,+919736261776,869690867722070,Jio
PH_0353,+918369899340,862147510158679,Jio
PH_0354,+919203931525,863237957345944,Vi
PH_0355,+918447715974,865010878741324,Vi
PH_0356,+916823996116,865447930222168,BSNL
PH_0357,+916008396505,868515926009183,Airtel
PH_0358,+919667299965,866686273673219,BSNL
PH_0359,+919626419350,868159689464918,Vi
PH_0360,+916522773527,869716492618330,Vi
PH_0361,+918221601510,861767764152140,Jio
PH_0362,+916201711625,866563910493778,Airtel
PH_0363,+917683021116,866884941031115,Airtel
PH_0364,+919779994103,864971717080156,BSNL
PH_0365,+916319718936,865397690008314,Jio
PH_0366,+916706442979,866468907376862,Airtel
PH_0367,+918688626717,862703492669508,Airtel
PH_0368,+918061440088,866883826283790,Vi
PH_0369,+917061516500,869328404759024,Jio
PH_0370,+917463733306,861957058375231,Vi
PH_0371,+918231987320,865165233991110,Airtel
PH_0372,+919331818614,862503774678794,Airtel
PH_0373,+919937258287,867635867682319,Vi
PH_0374,+919822880514,862087174487963,BSNL
PH_0375,+916235316246,868596191624324,Airtel
PH_0376,+916437346137,861982162660675,Airtel
PH_0377,+917266657868,867712389334970,BSNL
PH_0378,+916411587803,865099164495823,Airtel
PH_0379,+917947386482,869166381753662,BSNL
PH_0380,+919779305645,866974734494117,Airtel
PH_0381,+917950244847,866774657458272,Jio
PH_0382,+916463884781,861215189413528,Airtel
PH_0383,+918546428118,863218665052100,Vi
PH_0384,+917526393650,869467188751743,BSNL
PH_0385,+916798534963,863419110919584,Airtel
PH_0386,+916259807661,866480926654366,BSNL
PH_0387,+918203858241,867295367098731,Vi
PH_0388,+918506826031,863563131236945,Jio
PH_0389,+918016589212,866121073762480,Vi
PH_0390,+916034711242,862005643401188,Jio
PH_0391,+918178011686,868421938024006,Vi
PH_0392,+916839267208,864526067264575,Jio
PH_0393,+919372682391,867004658071783,Jio
PH_0394,+918868437461,866826949548184,Vi
PH_0395,+918646142846,868362860853238,Vi
PH_0396,+916696987256,868989089488852,Airtel
PH_0397,+918130006033,869204376554693,Jio
PH_0398,+917026578951,866831769527263,BSNL
PH_0399,+916881827040,864240124670583,Airtel
PH_0400,+917558287806,862297122609625,Vi
PH_0401,+916128924554,863025311978722,Jio
PH_0402,+917248015331,864420685506096,Vi
PH_0403,+916188569773,861523879964285,Jio
PH_0404,+916849651876,864063531886075,Jio
PH_0405,+919802687719,866975048055050,Jio
PH_0406,+916766829608,861378798882222,Jio
PH_0407,+919620148151,861365506828861,Jio
PH_0408,+917627460852,862953716247958,Vi
PH_0409,+916902962666,869024309184811,Jio
PH_0410,+917587594499,867553301849891,Jio
PH_0411,+918263133100,868631648634863,Airtel
PH_0412,+916508924953,863301776720873,Jio
PH_0413,+916823264888,867655191646589,Vi
PH_0414,+917365591754,868557422517705,Jio
PH_0415,+919955723270,866173440443420,Jio
PH_0416,+917407377479,861937364464698,Vi
PH_0417,+919748868637,864682887171486,Airtel
PH_0418,+919370111473,863942331225370,BSNL
PH_0419,+919226843425,869958232917857,Vi
PH_0420,+918141418189,869166961455432,Jio
PH_0421,+917382219816,867578655038004,BSNL
PH_0422,+919073692775,869705708664815,BSNL
PH_0423,+917152492014,868054832477853,Airtel
PH_0424,+916889915488,868950856345378,Jio
PH_0425,+917700377445,866382532874808,BSNL
PH_0426,+919816975777,867583508113642,Vi
PH_0427,+918364602747,863362596049588,Airtel
PH_0428,+917267221594,865047369195762,Airtel
PH_0429,+917998246910,868496162646771,BSNL
PH_0430,+918008116195,868195927818466,Vi
PH_0431,+919455320375,866577004481387,Vi
PH_0432,+917642270644,864156907126405,BSNL
PH_0433,+917004122133,867313927863502,Airtel
PH_0434,+917264944407,869829776747287,Airtel
PH_0435,+919375300097,862731849963005,Airtel
PH_0436,+916306440248,861671562103850,Jio
PH_0437,+917433479019,865399460591685,Vi
PH_0438,+919200658366,864351253307169,Jio
PH_0439,+919672193663,865595238692565,Airtel
PH_0440,+919307451625,865957678491275,Vi
PH_0441,+919363510233,868108157312801,BSNL
PH_0442,+919529867456,861208972958824,BSNL
PH_0443,+918809299600,865004616792077,Jio
PH_0444,+919106703986,864692594426498,BSNL
PH_0445,+917003833443,869245296199735,BSNL
PH_0446,+917463121724,862510934769468,Vi
PH_0447,+919632690501,868542769366571,BSNL
PH_0448,+916900159659,868917508846223,Airtel
PH_0449,+917609324972,863258610558979,Vi
PH_0450,+919168848623,869791839635164,Vi
PH_0451,+917459525419,868371132354874,BSNL
PH_0452,+918945328818,868098518477824,Vi
PH_0453,+917400500857,861410542846034,Airtel
PH_0454,+919960579149,863702132008339,Vi
PH_0455,+918440361275,867879966140273,BSNL
PH_0456,+916877052144,867876022277622,Airtel
PH_0457,+918295619572,864313079505923,BSNL
PH_0458,+916466598191,868945526023173,Vi
PH_0459,+916400469224,862834687294417,Jio
PH_0460,+916137693023,869596820987561,Airtel
PH_0461,+916801836494,862220625405144,BSNL
PH_0462,+917218987399,865098283101062,Vi
PH_0463,+918832831122,862230612909026,BSNL
PH_0464,+916246759544,864019409455998,Vi
PH_0465,+919692414917,868228042606576,BSNL
PH_0466,+916674462136,862949870463783,Jio
PH_0467,+918304048189,869411343036601,Airtel
PH_0468,+917670711748,864632965516141,Jio
PH_0469,+919738550295,866446901907357,BSNL
PH_0470,+919512836993,863793767907074,Vi
PH_0471,+918523258748,869839914456880,BSNL
PH_0472,+917183009989,861129715325535,Jio
PH_0473,+917914402567,865345680405092,Vi
PH_0474,+919909719636,869093827036903,BSNL
PH_0475,+918474471345,866064157725020,BSNL
PH_0476,+917489416646,867877520173454,Jio
PH_0477,+917782638028,864157870988472,BSNL
PH_0478,+917966356928,864228351166496,Airtel
PH_0479,+917690290029,865213550454842,Jio
PH_0480,+917175860156,866134795483891,Airtel
PH_0481,+918998076115,864822100994755,BSNL
PH_0482,+917766426225,863132678139377,Vi
PH_0483,+916328709442,862850080342124,Vi
PH_0484,+917761349189,863901039680126,Vi
PH_0485,+916890656381,861783857578671,BSNL
PH_0486,+916114752423,869125003248947,BSNL
PH_0487,+917475998631,868025475391754,Jio
PH_0488,+917703703278,861184845834659,Vi
PH_0489,+916492558512,866751547388931,BSNL
PH_0490,+918082025057,862200277388817,Airtel
PH_0491,+918355482651,865263429448232,BSNL
PH_0492,+916602393888,863998580236607,Airtel
PH_0493,+918606996024,864114282998768,Vi
PH_0494,+916533226125,863960911152782,Airtel
PH_0495,+918883607330,861196553118331,Vi
PH_0496,+916659262360,867298314667590,Jio
PH_0497,+916930600995,861608658766107,Jio
PH_0498,+917898625259,861840511108400,Airtel
PH_0499,+917677693197,866423213744099,BSNL
PH_0500,+916225121807,861084173651066,Airtel
PH_0501,+919317474377,867589552284453,Jio
PH_0502,+916858932011,861279565375975,BSNL
PH_0503,+916120019264,861257652041372,Vi
PH_0504,+919524134708,862110974678424,Jio
PH_0505,+919789389791,863953494857755,Jio
PH_0506,+916189032301,866675056859920,Jio
PH_0507,+918682951628,867951583680101,BSNL
PH_0508,+916518849078,864759094569368,Airtel
PH_0509,+917531483679,864055110601724,Airtel
PH_0510,+917727175965,866564791525835,Airtel
PH_0511,+917671543978,869071157380532,Jio
PH_0512,+916283537782,867492375254706,Airtel
PH_0513,+916289185573,864847798751883,BSNL
PH_0514,+917295079715,862795255417144,Jio
PH_0515,+917082074708,862670566333545,Vi
PH_0516,+918709582850,867836283619675,Jio
PH_0517,+917426129087,866595000746714,BSNL
PH_0518,+916289968212,861310676911268,BSNL
PH_0519,+917642272651,865091994932339,Airtel
PH_0520,+916999034756,866433666446615,Jio
PH_0521,+919169313432,862052607963440,Jio
PH_0522,+917608566723,866216232311294,Jio
PH_0523,+916651420194,864596501451873,Airtel
PH_0524,+917022476958,868808018085452,Vi
PH_0525,+916576672427,866584652028787,Airtel
PH_0526,+918237131884,866075846941775,Airtel
PH_0527,+916983590548,867027261911274,Jio
PH_0528,+916883979150,861951504098757,Jio
PH_0529,+919442209286,864915805445158,BSNL
PH_0530,+918239704894,864226901859673,BSNL
PH_0531,+918704895305,862133897319187,BSNL
PH_0532,+916300582933,864388530172889,Airtel
PH_0533,+918724585317,863491046725936,Jio
PH_0534,+916539280391,864054115851046,Jio
PH_0535,+917014944264,862376568906591,BSNL
PH_0536,+919113804499,866478089371038,Jio
PH_0537,+919099565230,865308700609685,BSNL
PH_0538,+916757784718,865379173785874,Vi
PH_0539,+917225581333,868888035668371,Jio
PH_0540,+917167633175,862406520918246,Vi
PH_0541,+917710446980,863952264816633,BSNL
PH_0542,+917895695777,869888102806332,BSNL
PH_0543,+919265568728,861349962528348,BSNL
PH_0544,+917835657356,862463956964020,Vi
PH_0545,+918556293060,863686661806477,Jio
PH_0546,+917105059551,869157776916435,Vi
PH_0547,+917948210501,867598286211992,BSNL
PH_0548,+916308978453,863402317948204,BSNL
PH_0549,+916840592753,861073828880710,Airtel
PH_0550,+919700780593,867583005232154,BSNL
PH_0551,+917737551584,868318305117952,BSNL
PH_0552,+919187698891,867757586201742,BSNL
PH_0553,+917322037419,862252362251083,BSNL
PH_0554,+919801044279,863190096609487,BSNL
PH_0555,+918429270402,864415196341440,BSNL
PH_0556,+917096326544,869965093880818,BSNL
PH_0557,+918727217217,867479767721818,Airtel
PH_0558,+918795621419,865261667520407,BSNL
PH_0559,+916148208887,865596250164877,BSNL
PH_0560,+918925158297,865471693893250,Jio
PH_0561,+918586211674,861215441690279,Airtel
PH_0562,+919311300347,867993857518824,Airtel
PH_0563,+918227099629,864323917921635,BSNL
PH_0564,+916712206951,868511166580655,Vi
PH_0565,+918971416447,869805980979944,BSNL
PH_0566,+918517193451,862920232089832,Vi
PH_0567,+919497082739,865729371942627,Jio
PH_0568,+919994392015,868004010574654,Vi
PH_0569,+916027574993,863963471709181,BSNL
PH_0570,+916006779966,862228776702999,BSNL
PH_0571,+918254694587,863999738087025,Jio
PH_0572,+917609115472,864483795428874,BSNL
PH_0573,+916781616736,868924688130792,Jio
PH_0574,+916797309341,862035950152733,Jio
PH_0575,+919475395721,864374809914850,Vi
PH_0576,+919875234259,868193518813766,BSNL
PH_0577,+918692246047,863923311222969,Airtel
PH_0578,+917258964802,867644682515946,Airtel
PH_0579,+917188684621,867017525186763,Airtel
PH_0580,+918515332140,869406259371234,BSNL
PH_0581,+918889673699,862772792992893,Airtel
PH_0582,+916262235551,861128656663336,Airtel
PH_0583,+916415932585,861127954748892,BSNL
PH_0584,+918589800302,869325733656580,Vi
PH_0585,+918595756047,866920309423164,Vi
PH_0586,+918928566389,867038252225467,Vi
PH_0587,+919508331976,867658910730221,Airtel
PH_0588,+917529133908,866810545623224,Airtel
PH_0589,+916013248527,868068220413092,Jio
PH_0590,+916110296578,863162953730131,Vi
PH_0591,+919003318664,867482173110694,BSNL
PH_0592,+918655800295,869361742348480,BSNL
PH_0593,+918835659453,861052346781960,Vi
PH_0594,+916071426604,867337798814399,Airtel
PH_0595,+919468434391,866728351698479,BSNL
PH_0596,+917003126774,869523821142567,BSNL
PH_0597,+919174859715,867124972842298,BSNL
PH_0598,+919997946704,866168498611956,Jio
PH_0599,+919057767497,861560513146264,Jio
PH_0600,+918138571816,862532430676508,Vi
PH_0601,+919574933679,869215734646243,Jio
PH_0602,+919850045517,869478762278272,Jio
PH_0603,+917045206074,863998796163028,Airtel
PH_0604,+916452988831,861514175296171,Jio
PH_0605,+919990039529,866746361159170,BSNL
PH_0606,+919291271354,864875264628793,Vi
PH_0607,+918860159101,869657474732581,Airtel
PH_0608,+919416820264,866857011616470,Jio
PH_0609,+918473781261,862136451264639,Vi
PH_0610,+917619246984,867716147855574,BSNL
PH_0611,+919472255508,864930897381388,Vi
PH_0612,+916496884614,862543142993825,Airtel
PH_0613,+916382850920,863044155357788,Vi
PH_0614,+916547253832,866514108066528,BSNL
PH_0615,+918477838974,861028934842032,Vi
PH_0616,+916265793778,866623931961653,Vi
PH_0617,+919425314333,863223919313983,Jio
PH_0618,+916457783056,861160611643712,BSNL
PH_0619,+917356892801,866222434945963,Jio
PH_0620,+918146764942,869017329470172,Jio
PH_0621,+918583274296,863565312638628,Airtel
PH_0622,+918572171352,866434508617508,Airtel
PH_0623,+917174469727,864796015307251,BSNL
PH_0624,+917251961948,862032410102293,Vi
PH_0625,+916655851097,864959145601228,Airtel
PH_0626,+919964932788,866263017739564,Jio
PH_0627,+916092624498,867900070874270,Vi
PH_0628,+917814355114,869330853139644,Vi
PH_0629,+919254357648,867877923530969,Airtel
PH_0630,+918267074575,865980988483298,Vi
PH_0631,+918990913497,864435643398277,BSNL
PH_0632,+916417984375,866687098914072,Airtel
PH_0633,+919649904956,869050074700636,Jio
PH_0634,+918478872199,868770186658272,BSNL
PH_0635,+917250185823,863550769128884,Jio
PH_0636,+916936889011,861161710835857,Vi
PH_0637,+919117963765,863597847178818,BSNL
PH_0638,+917834428050,862688164089312,Vi
PH_0639,+918035280879,863061809668126,Vi
PH_0640,+918548600919,868106979238005,Jio
PH_0641,+916145998097,865235348006895,BSNL
PH_0642,+918098632248,867604565344604,Airtel
PH_0643,+919340328400,865842069253554,BSNL
PH_0644,+917577640521,863108878774340,Airtel
PH_0645,+916354923180,869603343701362,Jio
PH_0646,+916098899199,865816717768614,Airtel
PH_0647,+919411680270,864185117162300,BSNL
PH_0648,+918079586549,868630880150061,Vi
PH_0649,+918454243528,862748589575888,Vi
PH_0650,+916272723132,864253598835529,BSNL
PH_0651,+919491241190,861346607047282,BSNL
PH_0652,+918388260217,869596506268457,Airtel
PH_0653,+918228663296,863184642419398,Jio
PH_0654,+918828589764,863065439474609,Jio
PH_0655,+919702276600,861090967139157,BSNL
PH_0656,+919438177052,863161718441306,Airtel
PH_0657,+916553260471,864627422352051,Jio
PH_0658,+916377188000,865516426530925,Airtel
PH_0659,+916363398580,863194642081540,Vi
PH_0660,+917561476763,868439620386815,Airtel
PH_0661,+917066599674,861813039886045,Vi
PH_0662,+918831060255,868827724365642,Jio
PH_0663,+918478503075,867197624052053,Jio
PH_0664,+918954638206,861789499871717,Jio
PH_0665,+916157771113,863491888801878,Vi
PH_0666,+919676857818,864787442296987,Jio
PH_0667,+918586190457,864799122214968,Vi
PH_0668,+917191405559,868424376300373,Airtel
PH_0669,+918361581808,865583825181372,BSNL
PH_0670,+918790736347,863872919343584,BSNL
PH_0671,+917958796094,863519833756259,Jio
PH_0672,+916303044487,864391501903852,Vi
PH_0673,+918420824631,869997185573749,Jio
PH_0674,+917802539655,863700768068743,Vi
PH_0675,+919383506796,867667651657734,Airtel
PH_0676,+918592473405,862362567627306,Vi
PH_0677,+916535244065,862935017930205,BSNL
PH_0678,+916283293302,867382703542945,Vi
PH_0679,+919341789294,863573859023012,Jio
PH_0680,+917175304017,862722324248413,BSNL
PH_0681,+916954451581,863172934060224,Jio
PH_0682,+918261195798,862681435108639,Vi
PH_0683,+919008433628,864002388140641,Vi
PH_0684,+919229269576,864179948960829,Vi
PH_0685,+919462108703,868086050204225,BSNL
PH_0686,+918543952630,865557508219488,Airtel
PH_0687,+918949175145,863508803648838,BSNL
PH_0688,+918437654971,865706147804183,Airtel
PH_0689,+919944676828,867515355865705,Jio
PH_0690,+918912912223,868359893337472,BSNL
PH_0691,+916786427950,869836760632252,Vi
PH_0692,+917184650635,868528874158556,Jio
PH_0693,+917310770039,868152433353995,Vi
PH_0694,+919630302254,862348961072925,Jio
PH_0695,+916402153307,862486305265039,Vi
PH_0696,+918380098110,869671236557709,Airtel
PH_0697,+917820995777,869949324712423,Jio
PH_0698,+918060106614,868130181257647,Airtel
PH_0699,+918646930819,865296449320096,Airtel
PH_0700,+918608649529,864959546665146,Jio
PH_0701,+916322648158,868434807031422,BSNL
PH_0702,+917628199646,867563442251350,Airtel
PH_0703,+917451521111,866102927375691,Vi
PH_0704,+918075004731,865657005315203,Jio
PH_0705,+916009596257,867925930438702,Jio
PH_0706,+919964496896,862011414403043,Vi
PH_0707,+916025302093,869098657035242,Vi
PH_0708,+917281406275,862882715633429,Airtel
PH_0709,+917502043261,868070315710472,Vi
PH_0710,+916038069463,868576757552588,BSNL
PH_0711,+916848446906,868224795174161,Airtel
PH_0712,+919921773774,861122352503575,Jio
PH_0713,+919304752292,865400866730301,Jio
PH_0714,+918021635448,867585882918007,Vi
PH_0715,+917565497109,865740834481801,Airtel
PH_0716,+917883652701,863845155372627,Jio
PH_0717,+917519292165,868635365616792,Airtel
PH_0718,+917542910061,864490559518646,Airtel
PH_0719,+916814184372,861705598271743,Jio
PH_0720,+917694562195,863817634295248,Jio
PH_0721,+918058556284,865677146064690,Airtel
PH_0722,+917808590634,866712853828511,BSNL
PH_0723,+918155466185,867841134029110,Jio
PH_0724,+916471298719,862898193775807,Airtel
PH_0725,+916541696649,867052276967824,Airtel
PH_0726,+919295893248,865160467979916,Airtel
PH_0727,+918913320633,867020813299154,BSNL
PH_0728,+918564468364,861140606197915,BSNL
PH_0729,+918062413300,865961930476590,BSNL
PH_0730,+916354828271,868545230611949,Jio
PH_0731,+918652628333,864287845739833,Jio
PH_0732,+917207482097,863026222666415,Vi
PH_0733,+919010582093,868549782029669,Jio
PH_0734,+918035354181,862815954918286,Jio
PH_0735,+916810327163,863618360142070,Jio
PH_0736,+916517376881,868057199473504,Airtel
PH_0737,+917176226755,864384392992406,Jio
PH_0738,+917830957372,862598585296386,Airtel
PH_0739,+917633602176,864900824278973,Vi
PH_0740,+917829981864,862080094919178,BSNL
PH_0741,+918765414165,866351751109463,Airtel
PH_0742,+917156403157,865936478970780,Vi
PH_0743,+919056236865,865344007551279,Vi
PH_0744,+919844452015,864195659921402,Airtel
PH_0745,+916002301808,866659670625951,Jio
PH_0746,+917225427052,865928354962902,Airtel
PH_0747,+917850733732,865437495098534,BSNL
PH_0748,+917561569542,866352964981711,Airtel
PH_0749,+916416127433,861239096309089,Jio
PH_0750,+917422543580,867360030672960,Vi
PH_0751,+917023285481,865856105839841,Jio
PH_0752,+918509666281,862534952804097,Airtel
PH_0753,+916560430538,863115708771828,Airtel
PH_0754,+918519262249,864353585236452,Jio
PH_0755,+919026491892,862314683637028,Vi
PH_0756,+917294831357,869343941846188,Jio
PH_0757,+918291612234,863704630110466,Airtel
PH_0758,+916549034032,868353807384890,Vi
PH_0759,+919829335496,867111631629887,Vi
PH_0760,+917926216462,862191579086911,BSNL
PH_0761,+917799609152,869864608248469,Airtel
PH_0762,+916716980913,865821526651491,Jio
PH_0763,+917244064601,862071878558844,Jio
PH_0764,+919181347543,867995705152669,BSNL
PH_0765,+918940739520,863908014919791,BSNL
PH_0766,+919224351311,867758170890546,BSNL
PH_0767,+917721633165,865778611616254,Jio
PH_0768,+916790558940,863813219043109,Jio
PH_0769,+918543104905,861157611219792,BSNL
PH_0770,+918163880803,865554920506010,Vi
PH_0771,+919661352590,866210741667373,Vi
PH_0772,+918371470157,864006988652411,Jio
PH_0773,+916195904052,865189884761239,Vi
PH_0774,+916167893174,863605497308374,Vi
PH_0775,+919982499657,865755099904467,Airtel
PH_0776,+918759143335,865380780844200,Jio
PH_0777,+918296067730,861021973846588,Vi
PH_0778,+918717352279,866709596852453,Airtel
PH_0779,+919029934995,868181759176364,Vi
PH_0780,+917394297304,862009254012266,Airtel
PH_0781,+919538760086,864858407420320,Vi
PH_0782,+916759072075,862870815861621,BSNL
PH_0783,+918808155776,864880254637926,Vi
PH_0784,+917154459322,863737592669983,BSNL
PH_0785,+916995243301,867482969251270,Jio
PH_0786,+919874782671,862647029793288,BSNL
PH_0787,+916779594723,864253263308581,Jio
PH_0788,+916811147196,869631035960070,Jio
PH_0789,+918781267374,861370578558289,Vi
PH_0790,+916699730242,864126243357084,BSNL
PH_0791,+918952218016,864305440426581,Airtel
PH_0792,+916616423848,868499322345587,Jio
PH_0793,+917954313872,868082273877653,Airtel
PH_0794,+919110874528,863416034117014,Airtel
PH_0795,+918591125930,867644742743760,BSNL
PH_0796,+916088974176,861772813556292,Jio
PH_0797,+917066624804,862472186445256,Vi
PH_0798,+916612615256,861238798623375,Airtel
PH_0799,+919400156805,862497687118351,Jio
PH_0800,+916597988721,866408064525720,Vi
PH_0801,+918056895862,865287040991072,Airtel
PH_0802,+918334428286,865705961483447,Airtel
PH_0803,+916091087253,861785227073367,Airtel
PH_0804,+918339220005,862805160746438,BSNL
PH_0805,+916609176803,861421870210937,Jio
PH_0806,+917834532707,863591520487127,Vi
PH_0807,+918814769504,864974076743881,BSNL
PH_0808,+918949638733,869650546925706,Jio
PH_0809,+916473029049,862787670711752,Vi
PH_0810,+917534625773,863080197508324,Vi
PH_0811,+919965627504,864131680141097,BSNL
PH_0812,+918278396996,863643231298494,Vi
PH_0813,+918683316346,866050097977201,Vi
PH_0814,+919759823710,865767860042580,BSNL
PH_0815,+918842116065,862343460116042,Airtel
PH_0816,+919701033334,863579797249614,Vi
PH_0817,+916634711065,868857172796796,BSNL
PH_0818,+919498894110,862988858967918,BSNL
PH_0819,+919121185924,863543816685172,Airtel
PH_0820,+917387503825,863246245440371,Jio
PH_0821,+919296539503,867203586412567,Vi
PH_0822,+918122600663,869467200885306,BSNL
PH_0823,+918584467005,863432383711430,Jio
PH_0824,+917645767952,869665241563503,Jio
PH_0825,+917651961479,868420479082744,Jio
PH_0826,+919019762806,865136428242880,Vi
PH_0827,+916012309827,861304300988918,Vi
PH_0828,+918398200084,862048445138013,Vi
PH_0829,+917549875589,863451648981843,Vi
PH_0830,+917977353085,868408444725486,Jio
PH_0831,+916905110100,864950630412617,Airtel
PH_0832,+919208320641,863062176154221,Jio
PH_0833,+917621181725,861462710061838,BSNL
PH_0834,+917596371622,862299578106781,BSNL
PH_0835,+919596765375,861528960326129,Jio
PH_0836,+917568711995,862387881218831,Jio
PH_0837,+916330992932,863634603784314,Jio
PH_0838,+918017624177,863464209817653,Vi
PH_0839,+918019427054,868809699395461,Airtel
PH_0840,+917231663777,863740667021547,Airtel
PH_0841,+919784541097,861565400035930,Jio
PH_0842,+918161637381,861189667253841,BSNL
PH_0843,+919576333768,869828614794312,Vi
PH_0844,+919046647159,868452744568423,Jio
PH_0845,+917167490678,862619087231899,BSNL
PH_0846,+916537443660,864726928385026,BSNL
PH_0847,+918658772734,864848531201747,BSNL
PH_0848,+916788958738,869240721223303,BSNL
PH_0849,+917345139329,863900737031292,Airtel
PH_0850,+919450315857,864424910954070,Vi
PH_0851,+916465578258,862366247994978,Vi
PH_0852,+918590682033,861491067111552,Jio
PH_0853,+917212069537,862147213529770,Jio
PH_0854,+918564571185,866441335672728,Jio
PH_0855,+918369496447,861570926574899,Jio
PH_0856,+917156067809,861805236819568,Airtel
PH_0857,+917351112065,861147354335850,Vi
PH_0858,+919228438569,869797803004964,Jio
PH_0859,+917350648839,867875176811582,Vi
PH_0860,+916556270789,866828688863895,BSNL
PH_0861,+919850486204,869859407073625,Airtel
PH_0862,+918156834290,861417256874508,BSNL
PH_0863,+918048497671,861660789424818,Vi
PH_0864,+916692447546,862384968495405,Airtel
PH_0865,+919085773843,863833469616301,Vi
PH_0866,+917921912834,863309770498515,Vi
PH_0867,+917249155118,861701930376867,BSNL
PH_0868,+917026972351,862711533828088,Airtel
PH_0869,+916612559057,862537147899554,BSNL
PH_0870,+916404216517,866516691392936,Jio
PH_0871,+917269627466,862198989394630,Vi
PH_0872,+918476098565,867216378160344,Airtel
PH_0873,+916305517870,869107918746794,Vi
PH_0874,+918032640310,865505328281953,BSNL
PH_0875,+918792983216,863473575435505,Airtel
PH_0876,+918442691577,861697881758384,Vi
PH_0877,+919689390899,868053567345328,BSNL
PH_0878,+919680791091,863270665821682,BSNL
PH_0879,+917575103101,867572647059656,Airtel
PH_0880,+918930030550,869900946893038,BSNL
PH_0881,+917128835207,865306952791548,Airtel
PH_0882,+916663839732,862854794768473,Vi
PH_0883,+917614141871,864921618582286,BSNL
PH_0884,+919754483808,867137909858819,BSNL
PH_0885,+918012143631,862917551942446,Airtel
PH_0886,+916774268185,862905813475235,BSNL
PH_0887,+919299465388,864510848493013,BSNL
PH_0888,+917411844389,866579439420636,Vi
PH_0889,+918595746889,864738710168720,BSNL
PH_0890,+916491028289,868994129749647,Airtel
PH_0891,+918341106022,863561819003668,Jio
PH_0892,+917375191063,861552196242531,BSNL
PH_0893,+916268007062,864755834695622,Airtel
PH_0894,+916908355009,861403160078639,BSNL
PH_0895,+917158988822,862469635183115,Jio
PH_0896,+916297465366,868126527158442,Airtel
PH_0897,+917281346811,865565090989345,Jio
PH_0898,+919567181201,862623728459251,BSNL
PH_0899,+917468961055,863891788187393,Jio
PH_0900,+917500130102,868374209488510,BSNL
PH_0901,+918042254462,863829455122632,BSNL
PH_0902,+917523392144,867844332394839,Airtel
PH_0903,+918409083421,864494373059644,Airtel
PH_0904,+919104074578,863545268539738,Vi
PH_0905,+918852128598,861250467525998,Jio
PH_0906,+919850442961,869783841570369,Vi
PH_0907,+916487937820,868149720153620,Vi
PH_0908,+918236353823,861067526704373,BSNL
PH_0909,+919575606753,863211295124186,BSNL
PH_0910,+918744125013,861640368654745,Jio
PH_0911,+919202789486,864302739793718,BSNL
PH_0912,+918991213165,864802667650080,Vi
PH_0913,+916900925556,864362754853047,Airtel
PH_0914,+917590239196,867402996426740,Airtel
PH_0915,+917296841600,866402624994605,Airtel
PH_0916,+919003544284,869022994820854,BSNL
PH_0917,+917762597948,867194853505303,BSNL
PH_0918,+918246997276,862994307189688,Jio
PH_0919,+917970632194,867564549921918,Jio
PH_0920,+918374058517,863863003260003,BSNL
PH_0921,+917638802005,868695208215368,Vi
PH_0922,+919015464849,862747437497426,Airtel
PH_0923,+919461484918,862828956995677,Airtel
PH_0924,+918790116381,868236729969533,Airtel
PH_0925,+918132042931,862754686270375,BSNL
PH_0926,+918161921273,864725543284367,Jio
PH_0927,+919336675287,863011681419943,Jio
PH_0928,+919677963600,867168107505210,BSNL
PH_0929,+917773541214,861134843970986,Vi
PH_0930,+919359506482,869925903841467,Vi
PH_0931,+917149372498,866408499840531,BSNL
PH_0932,+918891804979,861074051912475,BSNL
PH_0933,+916140336385,861459628201805,Jio
PH_0934,+919395215160,866586034231864,Vi
PH_0935,+916731908588,868567701576892,Jio
PH_0936,+918386883320,867889013684584,Jio
PH_0937,+918646850542,867921960138367,Airtel
PH_0938,+919441693196,863265290745977,BSNL
PH_0939,+919127220285,868091737115682,Vi
PH_0940,+918221688140,868692966937450,Jio
PH_0941,+916427683935,869869650050675,Airtel
PH_0942,+918712018738,865578077217992,Jio
PH_0943,+917384717361,862637257693391,Airtel
PH_0944,+916110123941,861203742171990,Jio
PH_0945,+916119478823,862387155895022,BSNL
PH_0946,+916108619179,864282893133653,Jio
PH_0947,+918802563740,864903686795596,Vi
PH_0948,+916832488843,867651985425521,Vi
PH_0949,+918831490250,865836355434989,Airtel
PH_0950,+916617485408,861406421751552,Airtel
PH_0951,+916476447262,863158632929755,Airtel
PH_0952,+916609178356,865609713078140,Jio
PH_0953,+916398474792,869693346157822,Vi
PH_0954,+919920098784,864658617708209,BSNL
PH_0955,+916432381741,868275768903896,Airtel
PH_0956,+918089575851,864698294602352,BSNL
PH_0957,+917611705235,866518559298545,BSNL
PH_0958,+919472691748,864161787864755,Vi
PH_0959,+916043552210,864143502189763,Airtel
PH_0960,+916503400821,867034325610367,Vi
PH_0961,+918078381873,863783160345157,Vi
PH_0962,+919979644466,864389251437143,Airtel
PH_0963,+918301905670,864801700378123,Vi
PH_0964,+916493012661,864817790297811,Airtel
PH_0965,+917406772445,864866065698628,Airtel
PH_0966,+919125636238,865707827814443,Vi
PH_0967,+918068348342,867129313338855,Vi
PH_0968,+918005937631,868672941042771,BSNL
PH_0969,+919961454933,865398875672764,Jio
PH_0970,+916849872844,862809868406117,Vi
PH_0971,+916711474712,864624068062027,BSNL
PH_0972,+917861746627,868850697093154,BSNL
PH_0973,+918561216903,865779212314176,Vi
PH_0974,+918675382218,868552197675764,Jio
PH_0975,+918435856503,867577110690746,Airtel
PH_0976,+917930172860,865451782379438,BSNL
PH_0977,+917260459282,867195621313194,BSNL
PH_0978,+916128591125,864161588347656,Vi
PH_0979,+917844202253,864271866986328,Vi
PH_0980,+917053633420,864784178175644,Vi
PH_0981,+917597574443,863148834212914,Airtel
PH_0982,+917368329940,861191934754435,Vi
PH_0983,+916918145589,866659887456141,Jio
PH_0984,+918412227961,867782037838145,Vi
PH_0985,+918584719544,862809115229911,Vi
PH_0986,+919076337420,868656879580905,Vi
PH_0987,+919493502674,864484593388063,Jio
PH_0988,+916213286953,869692166518262,BSNL
PH_0989,+916200969429,865831796373797,BSNL
PH_0990,+916512213630,868963402340787,Jio
PH_0991,+918583125110,865159172703069,Airtel
PH_0992,+917224224246,866001325227548,Jio
PH_0993,+919614828553,868086553675510,Airtel
PH_0994,+919847558512,861689460421388,Vi
PH_0995,+918769290424,862219840601047,BSNL
PH_0996,+916408536494,865833130985757,Vi
PH_0997,+919237083706,868040936702930,Airtel
PH_0998,+918389935392,866509475012835,BSNL
PH_0999,+918629897176,867919394489886,Vi
PH_1000,+918991259771,868997160243259,BSNL
PH_1001,+919645019830,863138509192816,Vi
PH_1002,+918654191036,861511542388699,Jio
PH_1003,+916205446492,861183933935253,Jio
PH_1004,+916451554348,866682213988720,BSNL
PH_1005,+916972128295,862546919193294,Jio
PH_1006,+919110019797,861090149495387,Airtel
PH_1007,+917115350130,862945805195880,Airtel
PH_1008,+917306916015,865638886983363,Vi
PH_1009,+918954600756,867677868776756,Vi
PH_1010,+919000742597,863110807606976,Jio
PH_1011,+917371523398,863606451991794,BSNL
PH_1012,+918735480334,865232808763762,BSNL
PH_1013,+918840128614,866661971813148,BSNL
PH_1014,+916969934690,865638958954985,Vi
PH_1015,+919055359754,867206583341431,Jio
PH_1016,+918832448381,864624333336167,Airtel
PH_1017,+916322742735,869701482474182,Airtel
PH_1018,+916912575226,869234380601201,BSNL
PH_1019,+916807099214,862840340424495,Vi
PH_1020,+916896194129,866488729324056,BSNL
PH_1021,+918814446299,862857592731895,Jio
PH_1022,+916939673695,867399143488436,BSNL
PH_1023,+917943180190,864571323134243,BSNL
PH_1024,+916807254039,865887967586432,BSNL
PH_1025,+916705217830,866406016348396,Airtel
PH_1026,+916632604586,865231016088431,Airtel
PH_1027,+919840121888,864291924270782,Vi
PH_1028,+916122777002,868965149502245,Vi
PH_1029,+917140651959,862479832288655,Vi
PH_1030,+917853165178,863646610670981,BSNL
PH_1031,+918156891321,869935382455553,Vi
PH_1032,+916228307893,865795079045774,Vi
PH_1033,+916420102358,868434279237459,Jio
PH_1034,+917262745715,868083214751094,Jio
PH_1035,+918551421745,869682737875096,BSNL
PH_1036,+916468944111,861879098890568,Jio
PH_1037,+916477096961,863023872684348,Airtel
PH_1038,+919844246833,865197326275052,Airtel
PH_1039,+918285488356,865845157038992,Jio
PH_1040,+919790739390,868119835247220,BSNL
PH_1041,+917687430058,864865905664959,Vi
PH_1042,+918126746095,864007360605062,Jio
PH_1043,+917493072850,866066501903285,Vi
PH_1044,+919152000372,862657870720170,Jio
PH_1045,+918161399993,869386448139764,Vi
PH_1046,+919661734239,863994617068217,Vi
PH_1047,+918926773184,863929466001260,Jio
PH_1048,+917426596199,869009683948611,Jio
PH_1049,+916054695674,869347982039120,BSNL
PH_1050,+917434751674,864122530674827,Vi
PH_1051,+919784972278,864002512753910,Airtel
PH_1052,+918551232705,869589938914772,Jio
PH_1053,+918029665156,861795038759061,Airtel
PH_1054,+918436392052,863944213595397,Jio
PH_1055,+919329701564,862757044964865,Vi
PH_1056,+919452692504,866904446961490,BSNL
PH_1057,+918107376583,867170729043469,Vi
PH_1058,+918849317889,865460265526138,Vi
PH_1059,+917970319532,866297209194730,Vi
PH_1060,+919828415377,862982060211665,Vi
PH_1061,+918945420528,861363525174272,Jio
PH_1062,+917762306443,864877738133435,Jio
PH_1063,+917534138301,861543304052470,Jio
PH_1064,+918480705258,868580502561393,Vi
PH_1065,+916886084049,862570860086895,Jio
PH_1066,+919954149831,867648415303559,Airtel
PH_1067,+917176494120,864077459631771,Vi
PH_1068,+919909826129,867136129866511,Vi
PH_1069,+917679444852,868342629479559,Vi
PH_1070,+917328533462,861722373009092,Vi
PH_1071,+919582739614,863162998647971,BSNL
PH_1072,+919415928831,867106551604207,Vi
PH_1073,+916473264907,861150192729539,BSNL
PH_1074,+919982435523,863588514626974,BSNL
PH_1075,+918924542318,866097983035414,Jio
PH_1076,+917304147917,866070152305886,Airtel
PH_1077,+919435050715,861271848781343,BSNL
PH_1078,+916175892199,865978800501120,Airtel
PH_1079,+916228463400,866379396572507,Airtel
PH_1080,+917848222489,861012172409999,Airtel
PH_1081,+917079898502,867159574600133,Vi
PH_1082,+919372680168,869834142182778,Jio
PH_1083,+916369382071,865761886922183,Jio
PH_1084,+919148439236,868598642084430,Airtel
PH_1085,+917248985201,861563580702745,BSNL
PH_1086,+917523133874,868431952313847,BSNL
PH_1087,+919883349761,864046466412985,BSNL
PH_1088,+918915952991,866673118931760,Jio
PH_1089,+918934842114,864512285356963,Vi
PH_1090,+916582787332,866296551621484,Vi
PH_1091,+916367640292,867610742246032,BSNL
PH_1092,+916412498542,869861862975073,Vi
PH_1093,+918011671937,868522008986289,BSNL
PH_1094,+917806058066,868219674440363,BSNL
PH_1095,+916118854361,868407816869096,Airtel
PH_1096,+919246378777,866321064398318,Jio
PH_1097,+918492465821,867564909939712,Jio
PH_1098,+918666701128,861941857737229,BSNL
PH_1099,+916540890313,869138988593193,BSNL
PH_1100,+919604328146,862486292099715,Airtel
PH_1101,+917160392103,862883986888763,Vi
PH_1102,+918552669535,863134860158306,Airtel
PH_1103,+919013231659,863398719068461,Jio
PH_1104,+919844220524,863722374708729,Vi
PH_1105,+918698267940,864533417087147,Airtel
PH_1106,+916288372981,863688649680682,Airtel
PH_1107,+918232620908,865346922929705,Jio
PH_1108,+916444988777,861431531437732,BSNL
PH_1109,+917678103394,866274743015549,BSNL
PH_1110,+918077559531,864238331022224,Jio
PH_1111,+919615163315,868602621238978,Jio
PH_1112,+918732446042,864247088295649,Jio
PH_1113,+919515645918,864003215860778,Jio
PH_1114,+918045084752,866100189768125,Vi
PH_1115,+918867043264,869674067691892,Vi
PH_1116,+918867748200,867881719503094,BSNL
PH_1117,+918996395544,862888925994864,BSNL
PH_1118,+917790556687,868476737023468,Jio
PH_1119,+916120133063,869041396067288,Airtel
PH_1120,+918423259574,861194946114862,Vi
PH_1121,+916146387689,868819502827860,Airtel
PH_1122,+919900295590,867240188300123,Jio
PH_1123,+918009645719,865872461512689,Airtel
PH_1124,+916679955714,869806219471312,Jio
PH_1125,+917498230953,867869907803145,Airtel
PH_1126,+916749458391,863665696875248,Vi
PH_1127,+918817212424,869084585695148,Jio
PH_1128,+917195461796,866328587442266,BSNL
PH_1129,+916292960178,869511101042839,BSNL
PH_1130,+918026160767,863277446034147,Vi
PH_1131,+918529100509,862187145169211,Airtel
PH_1132,+916126795342,865076607635421,Airtel
PH_1133,+918857274115,869783664333601,BSNL
PH_1134,+917390106458,865074892782128,Jio
PH_1135,+916452826172,867759816698333,BSNL
PH_1136,+919961573889,862086903192524,Vi
PH_1137,+916491661170,862283121200259,BSNL
PH_1138,+919278571664,866648629607356,Airtel
PH_1139,+919001004149,867641950068792,Jio
PH_1140,+918737594009,864441126656944,Vi
PH_1141,+918109271409,864965483558558,Jio
PH_1142,+919187526779,868632853054452,Jio
PH_1143,+916369445790,861427701896925,Airtel
PH_1144,+916874195977,867322214349398,BSNL
PH_1145,+918440808550,866991788465744,Jio
PH_1146,+918930719057,864343615613712,Jio
PH_1147,+918449720786,869335790964974,Vi
PH_1148,+917531092238,868718344658059,BSNL
PH_1149,+918686376206,863233718619033,Vi
PH_1150,+916433418050,869770829713168,Jio
PH_1151,+916221100658,861396558280954,Jio
PH_1152,+919527576042,866102166101846,Vi
PH_1153,+917676868646,867295147624533,Airtel
PH_1154,+919747112149,863778291822693,Vi
PH_1155,+916321165294,869798718309603,Vi
PH_1156,+917714635390,861999089472376,Airtel
PH_1157,+918502988880,861567064437758,Vi
PH_1158,+917809923704,864527288625839,Vi
PH_1159,+919814051350,862046961568693,Jio
PH_1160,+916877175367,866801357808716,Airtel
PH_1161,+917011968176,862282020057297,Airtel
PH_1162,+917485395392,862245459152167,BSNL
PH_1163,+918569024491,862421330793912,BSNL
PH_1164,+916556046133,862829835344226,Airtel
PH_1165,+918132866657,864962139990643,Vi
PH_1166,+917853345235,866336400626199,Jio
PH_1167,+916092098088,861974662282310,Airtel
PH_1168,+919322643566,861916898952795,BSNL
PH_1169,+919288577072,868559680331481,BSNL
PH_1170,+918360277484,863032111250516,BSNL
PH_1171,+916506774170,867186332202964,Jio
PH_1172,+917473713393,865187841888868,Jio
PH_1173,+916395097504,861178621751946,Jio
PH_1174,+917774102729,861805598634576,Airtel
PH_1175,+919750605143,865396843176597,Airtel
PH_1176,+916329044656,863229331356225,BSNL
PH_1177,+916775643094,861770012886491,Vi
PH_1178,+917501810324,865298791640960,Vi
PH_1179,+916557127028,867999105007270,BSNL
PH_1180,+918824296704,862340359666322,Vi
PH_1181,+918334942645,869706782875083,Vi
PH_1182,+919855335187,868800606736245,Vi
PH_1183,+917575967938,865297774675048,Vi
PH_1184,+917369488764,862836113316929,Airtel
PH_1185,+917488787930,868228002289424,BSNL
PH_1186,+917201662484,864578044680921,Jio
PH_1187,+919613894362,866365404296967,Jio
PH_1188,+916527198854,861627674944081,Jio
PH_1189,+918999355782,868983331415551,Airtel
PH_1190,+916091438352,865754673778368,Vi
PH_1191,+918526472243,866284459800268,Airtel
PH_1192,+916256495642,867754307435849,BSNL
PH_1193,+916080953576,867733919333832,BSNL
PH_1194,+917907050257,864947265708360,Jio
PH_1195,+917629196971,861551066414909,Vi
PH_1196,+916111635207,866995891791696,BSNL
PH_1197,+919718334842,866058088364338,BSNL
PH_1198,+917820357559,865576368884009,Jio
PH_1199,+917637632518,863320305516624,Airtel
PH_1200,+917205597858,865827332646562,Airtel
PH_1201,+917073452407,866936915361434,BSNL
PH_1202,+916165812391,865825892028735,Vi
PH_1203,+917154261079,865409467816741,Airtel
PH_1204,+916533891998,866646425040306,Vi
PH_1205,+919640382786,868804723449957,BSNL
PH_1206,+916074159865,861156508218629,BSNL
PH_1207,+916158929928,867313455404438,BSNL
PH_1208,+918739085759,868186415912609,Airtel
PH_1209,+918489235583,862399896633643,Vi
PH_1210,+919852775860,868748396066660,Jio
PH_1211,+917108131444,865566736266570,BSNL
PH_1212,+916546416390,863582024796589,Airtel
PH_1213,+916999320584,864238570705065,BSNL
PH_1214,+918490611661,861735802348644,Jio
PH_1215,+916261189271,865561220784645,Vi
PH_1216,+916069227038,861789064173077,Jio
PH_1217,+917502077414,862361973486428,BSNL
PH_1218,+916486115413,862363699513672,Jio
PH_1219,+916876353362,862255917026568,BSNL
PH_1220,+919761760595,863518066673722,Airtel
PH_1221,+917402480930,866894242550757,BSNL
PH_1222,+919854270267,867591280057167,BSNL
PH_1223,+917262991125,861548131957085,Jio
PH_1224,+917581844680,866115497650500,Jio
PH_1225,+919916463262,861449215901289,Airtel
PH_1226,+918615798918,869986416362249,Vi
PH_1227,+916922854141,861573733268736,Jio
PH_1228,+917636767626,862381472846672,Airtel
PH_1229,+916964568093,869858650949102,BSNL
PH_1230,+918314847294,863133452185958,Airtel
PH_1231,+918607483282,866576761705588,Vi
PH_1232,+916837619957,866782074076967,Jio
PH_1233,+919431704416,865060298722387,BSNL
PH_1234,+917352126022,868826465700041,BSNL
PH_1235,+917554267761,867189390139785,Airtel
PH_1236,+919928329603,868895139235058,BSNL
PH_1237,+916986825871,865310161240605,BSNL
PH_1238,+918895259482,867009891409603,Vi
PH_1239,+916506651617,868185830351636,BSNL
PH_1240,+918169069878,863611268165623,BSNL
PH_1241,+918717124135,861272533151802,Jio
PH_1242,+916518784128,865631772728359,BSNL
PH_1243,+919190533614,863220931863860,Airtel
PH_1244,+919581395249,861422759729224,Jio
PH_1245,+916313595787,867828648489099,BSNL
PH_1246,+917521998002,868074358542916,Jio
PH_1247,+919057945892,863092909181754,Vi
PH_1248,+919854416702,861797670687457,Airtel
PH_1249,+919172900312,867244541959326,BSNL
PH_1250,+919911316017,868665807114828,Vi
PH_1251,+919254125195,869963324537932,Airtel
PH_1252,+916653936235,861136990555334,Vi
PH_1253,+918894408903,868978543440874,BSNL
PH_1254,+917376265912,864107145072029,Vi
PH_1255,+919320036885,865084930074833,Vi
PH_1256,+918118679324,861847573644596,BSNL
PH_1257,+917225170345,867757369972381,Vi
PH_1258,+919252579672,861735054432161,Jio
PH_1259,+917849145121,865894197417871,Vi
PH_1260,+916427205530,866009423705186,Jio
PH_1261,+916509173023,865815894615781,BSNL
PH_1262,+917885133086,866073083603775,Vi
PH_1263,+918603481095,862867251930343,Jio
PH_1264,+918862310586,863479392830980,Airtel
PH_1265,+916888384398,861481761552789,Airtel
PH_1266,+919825288730,864435110514025,Airtel
PH_1267,+918097515527,867498396231533,Jio
PH_1268,+917210482937,868501466034501,BSNL
PH_1269,+918237222263,866190269761806,Airtel
PH_1270,+919076274213,863112457090732,BSNL
PH_1271,+919817709488,869677690506034,Vi
PH_1272,+916373077289,863408894696811,Vi
PH_1273,+919142342983,863051571511729,Vi
PH_1274,+919451612191,864916122491205,Airtel
PH_1275,+917404951301,869917025244671,Vi
PH_1276,+917185874957,866539167513934,Airtel
PH_1277,+917861342732,866585696437527,Jio
PH_1278,+919613918807,861625459254483,Airtel
PH_1279,+917056191455,864873816385237,Jio
PH_1280,+917139394892,863664898853830,BSNL
PH_1281,+919495540116,865971410585136,Jio
PH_1282,+916852864391,861056754509947,BSNL
PH_1283,+916288884955,864670527228638,Jio
PH_1284,+916166699419,865129971398373,Vi
PH_1285,+918079765165,864169489735729,Vi
PH_1286,+919610744021,869622082679685,BSNL
PH_1287,+918567712298,866198976131575,Airtel
PH_1288,+916940299467,868379987635613,BSNL
PH_1289,+917397569678,863037639280810,Jio
PH_1290,+917996025623,866613334632511,Airtel
PH_1291,+917492838599,868003790149750,Jio
PH_1292,+919322937931,869512119110890,BSNL
PH_1293,+918581527840,861507814857130,Vi
PH_1294,+917150724227,864786045829594,BSNL
PH_1295,+916261148003,865601298073165,Vi
PH_1296,+917766215487,868479436229782,BSNL
PH_1297,+917119695300,861961696300873,Vi
PH_1298,+918085229775,864851418235932,Vi
PH_1299,+918732742483,861802379453386,Vi
PH_1300,+917922583478,864893000497359,Jio
PH_1301,+918302158748,862939715835586,Vi
PH_1302,+916554975640,861372469136195,BSNL
PH_1303,+916387632437,867370340433366,Jio
PH_1304,+916674279418,865036057306530,Vi
PH_1305,+919441494580,866829876422821,BSNL
PH_1306,+916926059797,861631418779694,Airtel
PH_1307,+919243223486,869822303149169,BSNL
PH_1308,+919398794286,861745111971637,Jio
PH_1309,+917215861114,861426496550806,Jio
PH_1310,+918712510228,861593767669809,Vi
PH_1311,+919220862110,867647681891536,BSNL
PH_1312,+916563470451,865749703923378,Airtel
PH_1313,+916328681328,869873719789712,BSNL
PH_1314,+916086561545,862679984393047,BSNL
PH_1315,+916834443750,866492658882842,Vi
PH_1316,+917826016991,866312975184626,Vi
PH_1317,+917970984707,862753217103607,Vi
PH_1318,+918817716350,869291761646515,BSNL
PH_1319,+917250860498,862638227376714,Jio
PH_1320,+917745177124,865898672178037,BSNL
PH_1321,+917221587418,869914347232535,Jio
PH_1322,+917642431326,868954744595609,Jio
PH_1323,+918481973488,861437980108612,BSNL
PH_1324,+919312303657,868865082047671,Vi
PH_1325,+918047867526,862917974138905,Vi
PH_1326,+917427799501,862675396453085,Jio
PH_1327,+916891986607,862474247391473,Jio
PH_1328,+917731709641,862036085396553,BSNL
PH_1329,+917082434192,866477852221556,Vi
PH_1330,+919583391810,861640597000628,Vi
PH_1331,+918959222174,865715898021593,Jio
PH_1332,+919242863201,866508294764568,Jio
PH_1333,+917382283488,862433372618314,Airtel
PH_1334,+917828376268,862364507912618,BSNL
PH_1335,+916546674084,861239474004932,Jio
PH_1336,+918233121087,863137812020579,Jio
PH_1337,+916847687424,863001334141258,Airtel
PH_1338,+919803205717,869712015525056,Jio
PH_1339,+918689357814,863458813772957,BSNL
PH_1340,+917715434253,866218425029702,Airtel
PH_1341,+917870369767,866179712280946,Vi
PH_1342,+918244034945,867540760791604,Jio
PH_1343,+916607813459,864597829781916,Vi
PH_1344,+918230719199,865422117731689,BSNL
PH_1345,+917988055189,863383396931541,Jio
PH_1346,+918252188304,861173833949814,Vi
PH_1347,+917788007547,863642174655908,BSNL
PH_1348,+916287969013,866484697299249,Jio
PH_1349,+916855847996,862652248343005,BSNL
PH_1350,+917421785056,862074148619995,BSNL
PH_1351,+918553162493,862173198032418,Vi
PH_1352,+918733074647,867065464611297,Airtel
PH_1353,+919985212098,865828370626061,Vi
PH_1354,+919525113411,866380431473527,Vi
PH_1355,+918682211099,868094285197682,Vi
PH_1356,+918409958962,864563359850531,Airtel
PH_1357,+918545365683,862808835878294,Jio
PH_1358,+917202528733,865622150711668,Airtel
PH_1359,+916544189915,867737798898493,Vi
PH_1360,+918472422439,864682820239566,Jio
PH_1361,+916011470941,865079288490612,Jio
PH_1362,+916392294862,863579621454773,Jio
PH_1363,+916707889594,866686537760192,Airtel
PH_1364,+919848090287,861918993474016,Jio
PH_1365,+918197757357,868734408178108,BSNL
PH_1366,+918855475644,866752987098507,Vi
PH_1367,+918149094710,863064848509131,Jio
PH_1368,+918405805049,867637413453877,BSNL
PH_1369,+919033297428,867246920315902,Vi
PH_1370,+919601971852,866577109461750,Airtel
PH_1371,+919793682791,869621896221717,Vi
PH_1372,+918943631361,868661791137724,Vi
PH_1373,+916764557476,867088846454436,BSNL
PH_1374,+916918177938,867726739055643,Vi
PH_1375,+916768823182,861188958969195,Jio
PH_1376,+917898721574,861095326320720,Vi
PH_1377,+917410688654,869844427554782,Airtel
PH_1378,+918606076280,861589583165153,Vi
PH_1379,+918755969088,868007147810396,Airtel
PH_1380,+918987145791,865452610911607,Vi
PH_1381,+918685515992,869626246310188,Jio
PH_1382,+918033445449,861670461090676,Vi
PH_1383,+916123853836,863696008139665,Jio
PH_1384,+919740543801,863318642145400,Airtel
PH_1385,+917802050514,861984060444846,BSNL
PH_1386,+918737947824,862098268625052,Vi
PH_1387,+916418653917,864418160785803,Airtel
PH_1388,+917428785242,863979458794909,Vi
PH_1389,+918217665352,868093844991434,BSNL
PH_1390,+919597965706,862142725369954,Jio
PH_1391,+919543552219,869825132554832,Jio
PH_1392,+919130846781,862474318975128,Jio
PH_1393,+917904383663,865844914272130,Jio
PH_1394,+918958015721,868200536147308,Jio
PH_1395,+918728591473,866471802183713,Vi
PH_1396,+918407584239,863071680416338,Vi
PH_1397,+918002538288,862514819040360,BSNL
PH_1398,+916378652730,864208729529755,Airtel
PH_1399,+916797398856,864822565727329,Vi
PH_1400,+917977184333,866412718499349,Jio
